GEO.id,GEO.id2,GEO.display-label,HD01_VD01,HD02_VD01
Id,Id2,Geography,Estimate; Total,Margin of Error; Total
0500000US01003,01003,"Baldwin County, Alabama",110607,500
0500000US01015,01015,"Calhoun County, Alabama",53337,475
0500000US01043,01043,"Cullman County, Alabama",37265,309
0500000US01049,01049,"DeKalb County, Alabama",31060,230
0500000US01051,01051,"Elmore County, Alabama",33751,411
0500000US01055,01055,"Etowah County, Alabama",47541,225
0500000US01069,01069,"Houston County, Alabama",46883,219
0500000US01073,01073,"Jefferson County, Alabama",308553,997
0500000US01077,01077,"Lauderdale County, Alabama",44577,420
0500000US01081,01081,"Lee County, Alabama",67173,391
0500000US01083,01083,"Limestone County, Alabama",35769,336
0500000US01089,01089,"Madison County, Alabama",159087,756
0500000US01095,01095,"Marshall County, Alabama",40344,142
0500000US01097,01097,"Mobile County, Alabama",182640,839
0500000US01101,01101,"Montgomery County, Alabama",104618,908
0500000US01103,01103,"Morgan County, Alabama",51677,503
0500000US01115,01115,"St. Clair County, Alabama",36014,323
0500000US01117,01117,"Shelby County, Alabama",85377,417
0500000US01121,01121,"Talladega County, Alabama",37203,659
0500000US01125,01125,"Tuscaloosa County, Alabama",89748,723
0500000US01127,01127,"Walker County, Alabama",30664,212
0500000US02020,02020,"Anchorage Municipality, Alaska",115539,387
0500000US02090,02090,"Fairbanks North Star Borough, Alaska",41565,342
0500000US02170,02170,"Matanuska-Susitna Borough, Alaska",41491,211
0500000US04001,04001,"Apache County, Arizona",32798,107
0500000US04003,04003,"Cochise County, Arizona",60871,808
0500000US04005,04005,"Coconino County, Arizona",65278,810
0500000US04013,04013,"Maricopa County, Arizona",1711390,1247
0500000US04015,04015,"Mohave County, Arizona",113817,822
0500000US04017,04017,"Navajo County, Arizona",57813,212
0500000US04019,04019,"Pima County, Arizona",456576,1219
0500000US04021,04021,"Pinal County, Arizona",170708,979
0500000US04025,04025,"Yavapai County, Arizona",114797,698
0500000US04027,04027,"Yuma County, Arizona",91314,501
0500000US05007,05007,"Benton County, Arkansas",102133,310
0500000US05031,05031,"Craighead County, Arkansas",44394,452
0500000US05045,05045,"Faulkner County, Arkansas",49328,455
0500000US05051,05051,"Garland County, Arkansas",50573,370
0500000US05069,05069,"Jefferson County, Arkansas",33240,828
0500000US05085,05085,"Lonoke County, Arkansas",29163,129
0500000US05119,05119,"Pulaski County, Arkansas",183282,563
0500000US05125,05125,"Saline County, Arkansas",47867,320
0500000US05131,05131,"Sebastian County, Arkansas",56552,499
0500000US05143,05143,"Washington County, Arkansas",92027,643
0500000US05145,05145,"White County, Arkansas",33354,307
0500000US06001,06001,"Alameda County, California",599780,1020
0500000US06007,06007,"Butte County, California",98439,739
0500000US06013,06013,"Contra Costa County, California",410814,419
0500000US06017,06017,"El Dorado County, California",89468,252
0500000US06019,06019,"Fresno County, California",327812,497
0500000US06023,06023,"Humboldt County, California",62645,478
0500000US06025,06025,"Imperial County, California",57386,277
0500000US06029,06029,"Kern County, California",295240,678
0500000US06031,06031,"Kings County, California",45763,501
0500000US06033,06033,"Lake County, California",35664,223
0500000US06037,06037,"Los Angeles County, California",3520811,2122
0500000US06039,06039,"Madera County, California",50205,340
0500000US06041,06041,"Marin County, California",112885,463
0500000US06045,06045,"Mendocino County, California",40842,234
0500000US06047,06047,"Merced County, California",84432,449
0500000US06053,06053,"Monterey County, California",140819,568
0500000US06055,06055,"Napa County, California",55535,352
0500000US06057,06057,"Nevada County, California",53538,325
0500000US06059,06059,"Orange County, California",1090121,993
0500000US06061,06061,"Placer County, California",161422,299
0500000US06065,06065,"Riverside County, California",831404,996
0500000US06067,06067,"Sacramento County, California",565813,1049
0500000US06071,06071,"San Bernardino County, California",714364,1597
0500000US06073,06073,"San Diego County, California",1202397,1966
0500000US06075,06075,"San Francisco County, California",392823,1425
0500000US06077,06077,"San Joaquin County, California",240618,668
0500000US06079,06079,"San Luis Obispo County, California",120866,1018
0500000US06081,06081,"San Mateo County, California",275947,479
0500000US06083,06083,"Santa Barbara County, California",155962,633
0500000US06085,06085,"Santa Clara County, California",665098,824
0500000US06087,06087,"Santa Cruz County, California",105635,640
0500000US06089,06089,"Shasta County, California",78303,455
0500000US06095,06095,"Solano County, California",156826,474
0500000US06097,06097,"Sonoma County, California",208153,522
0500000US06099,06099,"Stanislaus County, California",180822,352
0500000US06101,06101,"Sutter County, California",34294,172
0500000US06107,06107,"Tulare County, California",147537,236
0500000US06111,06111,"Ventura County, California",286905,644
0500000US06113,06113,"Yolo County, California",77166,481
0500000US06115,06115,"Yuba County, California",28360,284
0500000US08001,08001,"Adams County, Colorado",168792,433
0500000US08005,08005,"Arapahoe County, Colorado",246715,1144
0500000US08013,08013,"Boulder County, Colorado",133775,776
0500000US08014,08014,"Broomfield County, Colorado",27090,157
0500000US08031,08031,"Denver County, Colorado",311480,1000
0500000US08035,08035,"Douglas County, Colorado",124753,314
0500000US08041,08041,"El Paso County, Colorado",272537,755
0500000US08059,08059,"Jefferson County, Colorado",237205,817
0500000US08069,08069,"Larimer County, Colorado",143273,839
0500000US08077,08077,"Mesa County, Colorado",65247,378
0500000US08101,08101,"Pueblo County, Colorado",70286,441
0500000US08123,08123,"Weld County, Colorado",105461,564
0500000US09001,09001,"Fairfield County, Connecticut",368010,814
0500000US09003,09003,"Hartford County, Connecticut",375137,991
0500000US09005,09005,"Litchfield County, Connecticut",87337,266
0500000US09007,09007,"Middlesex County, Connecticut",75536,464
0500000US09009,09009,"New Haven County, Connecticut",363122,868
0500000US09011,09011,"New London County, Connecticut",121911,470
0500000US09013,09013,"Tolland County, Connecticut",58920,715
0500000US09015,09015,"Windham County, Connecticut",49172,519
0500000US10001,10001,"Kent County, Delaware",69742,366
0500000US10003,10003,"New Castle County, Delaware",222991,401
0500000US10005,10005,"Sussex County, Delaware",133421,226
0500000US11001,11001,"District of Columbia, District of Columbia",313703,112
0500000US12001,12001,"Alachua County, Florida",115533,1387
0500000US12005,12005,"Bay County, Florida",101368,276
0500000US12009,12009,"Brevard County, Florida",274559,411
0500000US12011,12011,"Broward County, Florida",822980,871
0500000US12015,12015,"Charlotte County, Florida",102717,454
0500000US12017,12017,"Citrus County, Florida",77904,661
0500000US12019,12019,"Clay County, Florida",78994,280
0500000US12021,12021,"Collier County, Florida",210147,508
0500000US12023,12023,"Columbia County, Florida",28251,418
0500000US12031,12031,"Duval County, Florida",402358,1170
0500000US12033,12033,"Escambia County, Florida",140176,934
0500000US12035,12035,"Flagler County, Florida",50574,145
0500000US12053,12053,"Hernando County, Florida",85066,585
0500000US12055,12055,"Highlands County, Florida",54842,406
0500000US12057,12057,"Hillsborough County, Florida",568828,725
0500000US12061,12061,"Indian River County, Florida",78629,191
0500000US12069,12069,"Lake County, Florida",151045,444
0500000US12071,12071,"Lee County, Florida",385106,705
0500000US12073,12073,"Leon County, Florida",128084,1123
0500000US12081,12081,"Manatee County, Florida",185263,435
0500000US12083,12083,"Marion County, Florida",164414,622
0500000US12085,12085,"Martin County, Florida",79520,559
0500000US12086,12086,"Miami-Dade County, Florida",1021650,1425
0500000US12087,12087,"Monroe County, Florida",53129,438
0500000US12089,12089,"Nassau County, Florida",37463,317
0500000US12091,12091,"Okaloosa County, Florida",96052,398
0500000US12095,12095,"Orange County, Florida",525260,1190
0500000US12097,12097,"Osceola County, Florida",143516,186
0500000US12099,12099,"Palm Beach County, Florida",683543,1461
0500000US12101,12101,"Pasco County, Florida",236491,472
0500000US12103,12103,"Pinellas County, Florida",507472,960
0500000US12105,12105,"Polk County, Florida",286488,440
0500000US12107,12107,"Putnam County, Florida",36392,251
0500000US12109,12109,"St. Johns County, Florida",102292,338
0500000US12111,12111,"St. Lucie County, Florida",139046,373
0500000US12113,12113,"Santa Rosa County, Florida",69670,570
0500000US12115,12115,"Sarasota County, Florida",235707,529
0500000US12117,12117,"Seminole County, Florida",187736,309
0500000US12119,12119,"Sumter County, Florida",68201,616
0500000US12127,12127,"Volusia County, Florida",257939,512
0500000US12131,12131,"Walton County, Florida",49956,248
0500000US13013,13013,"Barrow County, Georgia",27598,100
0500000US13015,13015,"Bartow County, Georgia",40209,401
0500000US13021,13021,"Bibb County, Georgia",70270,489
0500000US13031,13031,"Bulloch County, Georgia",30402,954
0500000US13045,13045,"Carroll County, Georgia",44785,396
0500000US13047,13047,"Catoosa County, Georgia",27065,193
0500000US13051,13051,"Chatham County, Georgia",124407,758
0500000US13057,13057,"Cherokee County, Georgia",89343,445
0500000US13059,13059,"Clarke County, Georgia",52765,627
0500000US13063,13063,"Clayton County, Georgia",105005,667
0500000US13067,13067,"Cobb County, Georgia",297397,577
0500000US13073,13073,"Columbia County, Georgia",55897,110
0500000US13077,13077,"Coweta County, Georgia",53556,244
0500000US13089,13089,"DeKalb County, Georgia",310209,728
0500000US13095,13095,"Dougherty County, Georgia",40715,692
0500000US13097,13097,"Douglas County, Georgia",52194,250
0500000US13113,13113,"Fayette County, Georgia",42115,100
0500000US13115,13115,"Floyd County, Georgia",40416,563
0500000US13117,13117,"Forsyth County, Georgia",77451,173
0500000US13121,13121,"Fulton County, Georgia",464517,1153
0500000US13127,13127,"Glynn County, Georgia",42429,433
0500000US13135,13135,"Gwinnett County, Georgia",305452,352
0500000US13139,13139,"Hall County, Georgia",70956,124
0500000US13151,13151,"Henry County, Georgia",79628,178
0500000US13153,13153,"Houston County, Georgia",61896,291
0500000US13179,13179,"Liberty County, Georgia",27578,169
0500000US13185,13185,"Lowndes County, Georgia",46389,277
0500000US13215,13215,"Muscogee County, Georgia",84741,584
0500000US13217,13217,"Newton County, Georgia",38668,325
0500000US13223,13223,"Paulding County, Georgia",54837,233
0500000US13245,13245,"Richmond County, Georgia",88171,574
0500000US13247,13247,"Rockdale County, Georgia",33467,289
0500000US13285,13285,"Troup County, Georgia",28358,311
0500000US13295,13295,"Walker County, Georgia",30126,340
0500000US13297,13297,"Walton County, Georgia",33083,269
0500000US13313,13313,"Whitfield County, Georgia",39622,384
0500000US15001,15001,"Hawaii County, Hawaii",86780,448
0500000US15003,15003,"Honolulu County, Hawaii",347458,585
0500000US15007,15007,"Kauai County, Hawaii",30679,118
0500000US15009,15009,"Maui County, Hawaii",72139,436
0500000US16001,16001,"Ada County, Idaho",174805,437
0500000US16005,16005,"Bannock County, Idaho",33566,459
0500000US16019,16019,"Bonneville County, Idaho",41652,215
0500000US16027,16027,"Canyon County, Idaho",73260,318
0500000US16055,16055,"Kootenai County, Idaho",68307,294
0500000US16083,16083,"Twin Falls County, Idaho",32383,277
0500000US17001,17001,"Adams County, Illinois",30017,289
0500000US17019,17019,"Champaign County, Illinois",91541,1132
0500000US17031,17031,"Cook County, Illinois",2181636,1428
0500000US17037,17037,"DeKalb County, Illinois",41019,572
0500000US17043,17043,"DuPage County, Illinois",359149,688
0500000US17089,17089,"Kane County, Illinois",185938,484
0500000US17091,17091,"Kankakee County, Illinois",45172,480
0500000US17093,17093,"Kendall County, Illinois",41516,126
0500000US17097,17097,"Lake County, Illinois",262603,601
0500000US17099,17099,"LaSalle County, Illinois",49868,323
0500000US17111,17111,"McHenry County, Illinois",117968,304
0500000US17113,17113,"McLean County, Illinois",71757,438
0500000US17115,17115,"Macon County, Illinois",50238,490
0500000US17119,17119,"Madison County, Illinois",118637,624
0500000US17143,17143,"Peoria County, Illinois",83501,557
0500000US17161,17161,"Rock Island County, Illinois",65887,589
0500000US17163,17163,"St. Clair County, Illinois",119209,428
0500000US17167,17167,"Sangamon County, Illinois",90975,444
0500000US17179,17179,"Tazewell County, Illinois",58755,382
0500000US17183,17183,"Vermilion County, Illinois",35893,365
0500000US17197,17197,"Will County, Illinois",241817,454
0500000US17199,17199,"Williamson County, Illinois",30919,243
0500000US17201,17201,"Winnebago County, Illinois",125357,390
0500000US18003,18003,"Allen County, Indiana",156232,359
0500000US18005,18005,"Bartholomew County, Indiana",33880,215
0500000US18019,18019,"Clark County, Indiana",49765,397
0500000US18035,18035,"Delaware County, Indiana",52426,538
0500000US18039,18039,"Elkhart County, Indiana",78179,400
0500000US18043,18043,"Floyd County, Indiana",32539,232
0500000US18053,18053,"Grant County, Indiana",30287,408
0500000US18057,18057,"Hamilton County, Indiana",123948,288
0500000US18059,18059,"Hancock County, Indiana",29547,147
0500000US18063,18063,"Hendricks County, Indiana",60275,898
0500000US18067,18067,"Howard County, Indiana",39100,263
0500000US18081,18081,"Johnson County, Indiana",59835,272
0500000US18085,18085,"Kosciusko County, Indiana",37908,426
0500000US18089,18089,"Lake County, Indiana",211477,456
0500000US18091,18091,"LaPorte County, Indiana",48829,547
0500000US18095,18095,"Madison County, Indiana",58715,413
0500000US18097,18097,"Marion County, Indiana",420900,636
0500000US18105,18105,"Monroe County, Indiana",60803,850
0500000US18109,18109,"Morgan County, Indiana",28081,276
0500000US18127,18127,"Porter County, Indiana",67861,441
0500000US18141,18141,"St. Joseph County, Indiana",115986,518
0500000US18157,18157,"Tippecanoe County, Indiana",75119,1169
0500000US18163,18163,"Vanderburgh County, Indiana",83708,376
0500000US18167,18167,"Vigo County, Indiana",46750,584
0500000US18177,18177,"Wayne County, Indiana",31172,297
0500000US19013,19013,"Black Hawk County, Iowa",57308,585
0500000US19049,19049,"Dallas County, Iowa",34532,93
0500000US19061,19061,"Dubuque County, Iowa",40876,370
0500000US19103,19103,"Johnson County, Iowa",61796,1081
0500000US19113,19113,"Linn County, Iowa",96287,411
0500000US19153,19153,"Polk County, Iowa",196679,495
0500000US19155,19155,"Pottawattamie County, Iowa",39631,413
0500000US19163,19163,"Scott County, Iowa",73656,403
0500000US19169,19169,"Story County, Iowa",39130,578
0500000US19193,19193,"Woodbury County, Iowa",41982,382
0500000US20015,20015,"Butler County, Kansas",26564,364
0500000US20045,20045,"Douglas County, Kansas",49287,453
0500000US20091,20091,"Johnson County, Kansas",238224,410
0500000US20103,20103,"Leavenworth County, Kansas",29418,462
0500000US20161,20161,"Riley County, Kansas",30372,552
0500000US20173,20173,"Sedgwick County, Kansas",216535,505
0500000US20177,20177,"Shawnee County, Kansas",79629,622
0500000US20209,20209,"Wyandotte County, Kansas",67699,270
0500000US21015,21015,"Boone County, Kentucky",48770,373
0500000US21029,21029,"Bullitt County, Kentucky",30959,165
0500000US21037,21037,"Campbell County, Kentucky",40171,538
0500000US21047,21047,"Christian County, Kentucky",29794,431
0500000US21059,21059,"Daviess County, Kentucky",42963,506
0500000US21067,21067,"Fayette County, Kentucky",140976,910
0500000US21093,21093,"Hardin County, Kentucky",46152,463
0500000US21111,21111,"Jefferson County, Kentucky",344655,675
0500000US21117,21117,"Kenton County, Kentucky",69821,267
0500000US21145,21145,"McCracken County, Kentucky",31969,357
0500000US21151,21151,"Madison County, Kentucky",36279,559
0500000US21185,21185,"Oldham County, Kentucky",21688,281
0500000US21227,21227,"Warren County, Kentucky",51350,480
0500000US22005,22005,"Ascension Parish, Louisiana",45883,336
0500000US22015,22015,"Bossier Parish, Louisiana",55902,301
0500000US22017,22017,"Caddo Parish, Louisiana",113175,357
0500000US22019,22019,"Calcasieu Parish, Louisiana",87877,434
0500000US22033,22033,"East Baton Rouge Parish, Louisiana",193701,444
0500000US22045,22045,"Iberia Parish, Louisiana",30236,258
0500000US22051,22051,"Jefferson Parish, Louisiana",189326,407
0500000US22055,22055,"Lafayette Parish, Louisiana",101107,744
0500000US22057,22057,"Lafourche Parish, Louisiana",40430,359
0500000US22063,22063,"Livingston Parish, Louisiana",55213,395
0500000US22071,22071,"Orleans Parish, Louisiana",193120,1054
0500000US22073,22073,"Ouachita Parish, Louisiana",67510,638
0500000US22079,22079,"Rapides Parish, Louisiana",57526,351
0500000US22097,22097,"St. Landry Parish, Louisiana",36396,163
0500000US22103,22103,"St. Tammany Parish, Louisiana",101268,266
0500000US22105,22105,"Tangipahoa Parish, Louisiana",53772,207
0500000US22109,22109,"Terrebonne Parish, Louisiana",45032,259
0500000US23001,23001,"Androscoggin County, Maine",49059,349
0500000US23003,23003,"Aroostook County, Maine",39407,248
0500000US23005,23005,"Cumberland County, Maine",141737,513
0500000US23011,23011,"Kennebec County, Maine",61751,327
0500000US23019,23019,"Penobscot County, Maine",74696,439
0500000US23031,23031,"York County, Maine",108268,363
0500000US24001,24001,"Allegany County, Maryland",33115,641
0500000US24003,24003,"Anne Arundel County, Maryland",223266,833
0500000US24005,24005,"Baltimore County, Maryland",338202,917
0500000US24009,24009,"Calvert County, Maryland",35073,200
0500000US24013,24013,"Carroll County, Maryland",63618,503
0500000US24015,24015,"Cecil County, Maryland",42596,162
0500000US24017,24017,"Charles County, Maryland",59989,321
0500000US24021,24021,"Frederick County, Maryland",95892,495
0500000US24025,24025,"Harford County, Maryland",99718,376
0500000US24027,24027,"Howard County, Maryland",118056,316
0500000US24031,24031,"Montgomery County, Maryland",390563,789
0500000US24033,24033,"Prince George's County, Maryland",332569,771
0500000US24037,24037,"St. Mary's County, Maryland",44191,444
0500000US24043,24043,"Washington County, Maryland",61528,477
0500000US24045,24045,"Wicomico County, Maryland",42278,465
0500000US24510,24510,"Baltimore city, Maryland",297628,998
0500000US25001,25001,"Barnstable County, Massachusetts",162486,329
0500000US25003,25003,"Berkshire County, Massachusetts",68451,475
0500000US25005,25005,"Bristol County, Massachusetts",232089,724
0500000US25009,25009,"Essex County, Massachusetts",309644,738
0500000US25011,25011,"Franklin County, Massachusetts",33752,454
0500000US25013,25013,"Hampden County, Massachusetts",192099,868
0500000US25015,25015,"Hampshire County, Massachusetts",63090,669
0500000US25017,25017,"Middlesex County, Massachusetts",625421,1448
0500000US25021,25021,"Norfolk County, Massachusetts",275009,968
0500000US25023,25023,"Plymouth County, Massachusetts",204153,570
0500000US25025,25025,"Suffolk County, Massachusetts",331291,1809
0500000US25027,25027,"Worcester County, Massachusetts",330808,1223
0500000US26005,26005,"Allegan County, Michigan",50276,200
0500000US26017,26017,"Bay County, Michigan",48017,258
0500000US26021,26021,"Berrien County, Michigan",76836,466
0500000US26025,26025,"Calhoun County, Michigan",60537,594
0500000US26037,26037,"Clinton County, Michigan",31301,166
0500000US26045,26045,"Eaton County, Michigan",47124,296
0500000US26049,26049,"Genesee County, Michigan",190976,457
0500000US26055,26055,"Grand Traverse County, Michigan",42998,626
0500000US26065,26065,"Ingham County, Michigan",122644,613
0500000US26073,26073,"Isabella County, Michigan",28790,290
0500000US26075,26075,"Jackson County, Michigan",69005,491
0500000US26077,26077,"Kalamazoo County, Michigan",111075,551
0500000US26081,26081,"Kent County, Michigan",251351,809
0500000US26087,26087,"Lapeer County, Michigan",36321,188
0500000US26091,26091,"Lenawee County, Michigan",43477,356
0500000US26093,26093,"Livingston County, Michigan",75987,232
0500000US26099,26099,"Macomb County, Michigan",363986,451
0500000US26103,26103,"Marquette County, Michigan",34589,308
0500000US26111,26111,"Midland County, Michigan",36535,206
0500000US26115,26115,"Monroe County, Michigan",63694,219
0500000US26121,26121,"Muskegon County, Michigan",73452,378
0500000US26125,26125,"Oakland County, Michigan",536840,572
0500000US26139,26139,"Ottawa County, Michigan",106905,507
0500000US26145,26145,"Saginaw County, Michigan",87039,574
0500000US26147,26147,"St. Clair County, Michigan",71868,418
0500000US26155,26155,"Shiawassee County, Michigan",29988,172
0500000US26159,26159,"Van Buren County, Michigan",36725,290
0500000US26161,26161,"Washtenaw County, Michigan",149932,880
0500000US26163,26163,"Wayne County, Michigan",814339,1268
0500000US27003,27003,"Anoka County, Minnesota",130510,311
0500000US27013,27013,"Blue Earth County, Minnesota",27994,273
0500000US27019,27019,"Carver County, Minnesota",37538,140
0500000US27037,27037,"Dakota County, Minnesota",164738,326
0500000US27053,27053,"Hennepin County, Minnesota",528489,957
0500000US27109,27109,"Olmsted County, Minnesota",63800,354
0500000US27123,27123,"Ramsey County, Minnesota",219014,791
0500000US27131,27131,"Rice County, Minnesota",24696,509
0500000US27137,27137,"St. Louis County, Minnesota",103851,763
0500000US27139,27139,"Scott County, Minnesota",50400,229
0500000US27141,27141,"Sherburne County, Minnesota",33404,484
0500000US27145,27145,"Stearns County, Minnesota",63705,590
0500000US27163,27163,"Washington County, Minnesota",97039,405
0500000US27171,27171,"Wright County, Minnesota",50767,147
0500000US28033,28033,"DeSoto County, Mississippi",65828,231
0500000US28035,28035,"Forrest County, Mississippi",32887,483
0500000US28047,28047,"Harrison County, Mississippi",91463,251
0500000US28049,28049,"Hinds County, Mississippi",104648,557
0500000US28059,28059,"Jackson County, Mississippi",61651,234
0500000US28067,28067,"Jones County, Mississippi",28719,242
0500000US28075,28075,"Lauderdale County, Mississippi",35085,368
0500000US28081,28081,"Lee County, Mississippi",36413,187
0500000US28089,28089,"Madison County, Mississippi",42534,229
0500000US28121,28121,"Rankin County, Mississippi",59257,565
0500000US29019,29019,"Boone County, Missouri",75723,519
0500000US29021,29021,"Buchanan County, Missouri",38555,462
0500000US29031,29031,"Cape Girardeau County, Missouri",33287,357
0500000US29037,29037,"Cass County, Missouri",40998,140
0500000US29043,29043,"Christian County, Missouri",33374,130
0500000US29047,29047,"Clay County, Missouri",96502,353
0500000US29051,29051,"Cole County, Missouri",33044,380
0500000US29071,29071,"Franklin County, Missouri",44365,134
0500000US29077,29077,"Greene County, Missouri",131901,862
0500000US29095,29095,"Jackson County, Missouri",319805,611
0500000US29097,29097,"Jasper County, Missouri",52029,197
0500000US29099,29099,"Jefferson County, Missouri",89445,274
0500000US29165,29165,"Platte County, Missouri",41172,158
0500000US29183,29183,"St. Charles County, Missouri",151750,1165
0500000US29187,29187,"St. Francois County, Missouri",29525,338
0500000US29189,29189,"St. Louis County, Missouri",439940,676
0500000US29510,29510,"St. Louis city, Missouri",175710,956
0500000US30013,30013,"Cascade County, Montana",38058,298
0500000US30029,30029,"Flathead County, Montana",47650,222
0500000US30031,30031,"Gallatin County, Montana",47341,269
0500000US30049,30049,"Lewis and Clark County, Montana",30949,341
0500000US30063,30063,"Missoula County, Montana",52325,405
0500000US30111,30111,"Yellowstone County, Montana",69135,475
0500000US31055,31055,"Douglas County, Nebraska",231457,644
0500000US31109,31109,"Lancaster County, Nebraska",128755,796
0500000US31153,31153,"Sarpy County, Nebraska",67854,206
0500000US32003,32003,"Clark County, Nevada",881238,639
0500000US32031,32031,"Washoe County, Nevada",191390,601
0500000US33005,33005,"Cheshire County, New Hampshire",35149,350
0500000US33009,33009,"Grafton County, New Hampshire",52063,389
0500000US33011,33011,"Hillsborough County, New Hampshire",168696,615
0500000US33013,33013,"Merrimack County, New Hampshire",64088,557
0500000US33015,33015,"Rockingham County, New Hampshire",130189,275
0500000US33017,33017,"Strafford County, New Hampshire",52913,685
0500000US34001,34001,"Atlantic County, New Jersey",128013,349
0500000US34003,34003,"Bergen County, New Jersey",356518,593
0500000US34005,34005,"Burlington County, New Jersey",179013,749
0500000US34007,34007,"Camden County, New Jersey",205832,473
0500000US34009,34009,"Cape May County, New Jersey",99233,511
0500000US34011,34011,"Cumberland County, New Jersey",56426,760
0500000US34013,34013,"Essex County, New Jersey",315479,934
0500000US34015,34015,"Gloucester County, New Jersey",113020,291
0500000US34017,34017,"Hudson County, New Jersey",279664,1343
0500000US34019,34019,"Hunterdon County, New Jersey",50132,288
0500000US34021,34021,"Mercer County, New Jersey",144734,626
0500000US34023,34023,"Middlesex County, New Jersey",300611,1006
0500000US34025,34025,"Monmouth County, New Jersey",261053,378
0500000US34027,34027,"Morris County, New Jersey",192065,716
0500000US34029,34029,"Ocean County, New Jersey",282205,540
0500000US34031,34031,"Passaic County, New Jersey",177006,491
0500000US34033,34033,"Salem County, New Jersey",27613,332
0500000US34035,34035,"Somerset County, New Jersey",126301,412
0500000US34037,34037,"Sussex County, New Jersey",62364,483
0500000US34039,34039,"Union County, New Jersey",201961,716
0500000US34041,34041,"Warren County, New Jersey",45445,305
0500000US35001,35001,"Bernalillo County, New Mexico",289854,530
0500000US35005,35005,"Chaves County, New Mexico",26717,385
0500000US35013,35013,"Doña Ana County, New Mexico",85228,412
0500000US35025,35025,"Lea County, New Mexico",25981,364
0500000US35031,35031,"McKinley County, New Mexico",25722,103
0500000US35035,35035,"Otero County, New Mexico",30916,578
0500000US35043,35043,"Sandoval County, New Mexico",55241,327
0500000US35045,35045,"San Juan County, New Mexico",49665,428
0500000US35049,35049,"Santa Fe County, New Mexico",71875,540
0500000US35061,35061,"Valencia County, New Mexico",30284,201
0500000US36001,36001,"Albany County, New York",139522,785
0500000US36005,36005,"Bronx County, New York",525788,1211
0500000US36007,36007,"Broome County, New York",89618,872
0500000US36009,36009,"Cattaraugus County, New York",40931,298
0500000US36011,36011,"Cayuga County, New York",36463,486
0500000US36013,36013,"Chautauqua County, New York",66566,402
0500000US36015,36015,"Chemung County, New York",38323,591
0500000US36019,36019,"Clinton County, New York",36025,432
0500000US36027,36027,"Dutchess County, New York",119291,1405
0500000US36029,36029,"Erie County, New York",422428,1272
0500000US36045,36045,"Jefferson County, New York",59116,367
0500000US36047,36047,"Kings County, New York",1031125,1844
0500000US36051,36051,"Livingston County, New York",27361,521
0500000US36053,36053,"Madison County, New York",31804,323
0500000US36055,36055,"Monroe County, New York",326652,1288
0500000US36059,36059,"Nassau County, New York",466987,1031
0500000US36061,36061,"New York County, New York",875990,2129
0500000US36063,36063,"Niagara County, New York",99122,453
0500000US36065,36065,"Oneida County, New York",103763,625
0500000US36067,36067,"Onondaga County, New York",205492,1077
0500000US36069,36069,"Ontario County, New York",50328,341
0500000US36071,36071,"Orange County, New York",141147,805
0500000US36075,36075,"Oswego County, New York",53673,403
0500000US36079,36079,"Putnam County, New York",38328,450
0500000US36081,36081,"Queens County, New York",851576,1116
0500000US36083,36083,"Rensselaer County, New York",71946,518
0500000US36085,36085,"Richmond County, New York",179391,474
0500000US36087,36087,"Rockland County, New York",105171,374
0500000US36089,36089,"St. Lawrence County, New York",52386,741
0500000US36091,36091,"Saratoga County, New York",104117,413
0500000US36093,36093,"Schenectady County, New York",68492,418
0500000US36101,36101,"Steuben County, New York",48703,280
0500000US36103,36103,"Suffolk County, New York",570952,777
0500000US36105,36105,"Sullivan County, New York",49896,363
0500000US36109,36109,"Tompkins County, New York",42445,780
0500000US36111,36111,"Ulster County, New York",83934,686
0500000US36113,36113,"Warren County, New York",39384,141
0500000US36117,36117,"Wayne County, New York",41545,311
0500000US36119,36119,"Westchester County, New York",369652,996
0500000US37001,37001,"Alamance County, North Carolina",69164,287
0500000US37019,37019,"Brunswick County, North Carolina",85172,389
0500000US37021,37021,"Buncombe County, North Carolina",117686,625
0500000US37023,37023,"Burke County, North Carolina",40654,591
0500000US37025,37025,"Cabarrus County, North Carolina",77421,289
0500000US37027,37027,"Caldwell County, North Carolina",37750,218
0500000US37031,37031,"Carteret County, North Carolina",49368,136
0500000US37035,37035,"Catawba County, North Carolina",68334,295
0500000US37037,37037,"Chatham County, North Carolina",31111,150
0500000US37045,37045,"Cleveland County, North Carolina",43178,159
0500000US37049,37049,"Craven County, North Carolina",46407,431
0500000US37051,37051,"Cumberland County, North Carolina",145299,689
0500000US37057,37057,"Davidson County, North Carolina",73639,213
0500000US37063,37063,"Durham County, North Carolina",133491,695
0500000US37067,37067,"Forsyth County, North Carolina",163285,748
0500000US37071,37071,"Gaston County, North Carolina",91553,301
0500000US37081,37081,"Guilford County, North Carolina",226748,887
0500000US37085,37085,"Harnett County, North Carolina",50611,225
0500000US37089,37089,"Henderson County, North Carolina",56647,212
0500000US37097,37097,"Iredell County, North Carolina",72167,138
0500000US37101,37101,"Johnston County, North Carolina",72426,209
0500000US37109,37109,"Lincoln County, North Carolina",34624,214
0500000US37119,37119,"Mecklenburg County, North Carolina",435023,720
0500000US37125,37125,"Moore County, North Carolina",46292,211
0500000US37127,37127,"Nash County, North Carolina",42566,217
0500000US37129,37129,"New Hanover County, North Carolina",108874,507
0500000US37133,37133,"Onslow County, North Carolina",77793,434
0500000US37135,37135,"Orange County, North Carolina",56964,696
0500000US37147,37147,"Pitt County, North Carolina",77909,529
0500000US37151,37151,"Randolph County, North Carolina",61545,229
0500000US37155,37155,"Robeson County, North Carolina",52157,285
0500000US37157,37157,"Rockingham County, North Carolina",43710,211
0500000US37159,37159,"Rowan County, North Carolina",60797,395
0500000US37161,37161,"Rutherford County, North Carolina",34100,267
0500000US37171,37171,"Surry County, North Carolina",33710,182
0500000US37179,37179,"Union County, North Carolina",79391,252
0500000US37183,37183,"Wake County, North Carolina",420486,948
0500000US37191,37191,"Wayne County, North Carolina",53400,284
0500000US37193,37193,"Wilkes County, North Carolina",33112,171
0500000US37195,37195,"Wilson County, North Carolina",35881,298
0500000US38015,38015,"Burleigh County, North Dakota",41977,308
0500000US38017,38017,"Cass County, North Dakota",80252,393
0500000US38035,38035,"Grand Forks County, North Dakota",32630,456
0500000US38101,38101,"Ward County, North Dakota",32812,294
0500000US39003,39003,"Allen County, Ohio",44804,386
0500000US39007,39007,"Ashtabula County, Ohio",45790,329
0500000US39009,39009,"Athens County, Ohio",26339,451
0500000US39013,39013,"Belmont County, Ohio",31999,381
0500000US39017,39017,"Butler County, Ohio",150649,527
0500000US39023,39023,"Clark County, Ohio",61032,455
0500000US39025,39025,"Clermont County, Ohio",82193,511
0500000US39029,39029,"Columbiana County, Ohio",46407,389
0500000US39035,39035,"Cuyahoga County, Ohio",617533,955
0500000US39041,39041,"Delaware County, Ohio",71420,323
0500000US39043,39043,"Erie County, Ohio",37671,248
0500000US39045,39045,"Fairfield County, Ohio",60273,415
0500000US39049,39049,"Franklin County, Ohio",549417,1312
0500000US39055,39055,"Geauga County, Ohio",36904,144
0500000US39057,39057,"Greene County, Ohio",69568,604
0500000US39061,39061,"Hamilton County, Ohio",377743,818
0500000US39063,39063,"Hancock County, Ohio",33767,258
0500000US39081,39081,"Jefferson County, Ohio",32326,304
0500000US39085,39085,"Lake County, Ohio",102463,363
0500000US39089,39089,"Licking County, Ohio",70224,441
0500000US39093,39093,"Lorain County, Ohio",129900,628
0500000US39095,39095,"Lucas County, Ohio",202434,778
0500000US39099,39099,"Mahoning County, Ohio",111124,774
0500000US39101,39101,"Marion County, Ohio",27762,1484
0500000US39103,39103,"Medina County, Ohio",71706,218
0500000US39109,39109,"Miami County, Ohio",44165,160
0500000US39113,39113,"Montgomery County, Ohio",254265,1021
0500000US39119,39119,"Muskingum County, Ohio",37651,294
0500000US39133,39133,"Portage County, Ohio",68457,555
0500000US39139,39139,"Richland County, Ohio",54001,522
0500000US39141,39141,"Ross County, Ohio",31675,415
0500000US39145,39145,"Scioto County, Ohio",34126,428
0500000US39151,39151,"Stark County, Ohio",165966,612
0500000US39153,39153,"Summit County, Ohio",245176,705
0500000US39155,39155,"Trumbull County, Ohio",95215,350
0500000US39157,39157,"Tuscarawas County, Ohio",39856,130
0500000US39165,39165,"Warren County, Ohio",85634,399
0500000US39169,39169,"Wayne County, Ohio",46173,273
0500000US39173,39173,"Wood County, Ohio",53431,618
0500000US40017,40017,"Canadian County, Oklahoma",48039,311
0500000US40027,40027,"Cleveland County, Oklahoma",113531,877
0500000US40031,40031,"Comanche County, Oklahoma",51740,650
0500000US40037,40037,"Creek County, Oklahoma",30272,150
0500000US40101,40101,"Muskogee County, Oklahoma",30928,365
0500000US40109,40109,"Oklahoma County, Oklahoma",337587,1406
0500000US40119,40119,"Payne County, Oklahoma",35931,455
0500000US40125,40125,"Pottawatomie County, Oklahoma",29735,406
0500000US40131,40131,"Rogers County, Oklahoma",37318,288
0500000US40143,40143,"Tulsa County, Oklahoma",281921,551
0500000US40145,40145,"Wagoner County, Oklahoma",31535,73
0500000US41003,41003,"Benton County, Oregon",37792,565
0500000US41005,41005,"Clackamas County, Oregon",163771,402
0500000US41017,41017,"Deschutes County, Oregon",85935,248
0500000US41019,41019,"Douglas County, Oregon",49207,468
0500000US41029,41029,"Jackson County, Oregon",93383,323
0500000US41033,41033,"Josephine County, Oregon",38274,283
0500000US41035,41035,"Klamath County, Oregon",32825,306
0500000US41039,41039,"Lane County, Oregon",159704,682
0500000US41043,41043,"Linn County, Oregon",49394,239
0500000US41047,41047,"Marion County, Oregon",124185,640
0500000US41051,41051,"Multnomah County, Oregon",340316,826
0500000US41053,41053,"Polk County, Oregon",31458,247
0500000US41059,41059,"Umatilla County, Oregon",29890,285
0500000US41067,41067,"Washington County, Oregon",225473,433
0500000US41071,41071,"Yamhill County, Oregon",38225,497
0500000US42001,42001,"Adams County, Pennsylvania",41612,363
0500000US42003,42003,"Allegheny County, Pennsylvania",592265,1300
0500000US42005,42005,"Armstrong County, Pennsylvania",32300,168
0500000US42007,42007,"Beaver County, Pennsylvania",78256,554
0500000US42011,42011,"Berks County, Pennsylvania",164961,579
0500000US42013,42013,"Blair County, Pennsylvania",55972,469
0500000US42017,42017,"Bucks County, Pennsylvania",247846,773
0500000US42019,42019,"Butler County, Pennsylvania",81566,700
0500000US42021,42021,"Cambria County, Pennsylvania",64979,664
0500000US42025,42025,"Carbon County, Pennsylvania",34360,258
0500000US42027,42027,"Centre County, Pennsylvania",65766,652
0500000US42029,42029,"Chester County, Pennsylvania",197721,702
0500000US42033,42033,"Clearfield County, Pennsylvania",38647,449
0500000US42037,42037,"Columbia County, Pennsylvania",29688,435
0500000US42039,42039,"Crawford County, Pennsylvania",44244,364
0500000US42041,42041,"Cumberland County, Pennsylvania",104201,717
0500000US42043,42043,"Dauphin County, Pennsylvania",122656,815
0500000US42045,42045,"Delaware County, Pennsylvania",221753,734
0500000US42049,42049,"Erie County, Pennsylvania",120077,639
0500000US42051,42051,"Fayette County, Pennsylvania",62771,554
0500000US42055,42055,"Franklin County, Pennsylvania",64405,268
0500000US42063,42063,"Indiana County, Pennsylvania",38455,353
0500000US42069,42069,"Lackawanna County, Pennsylvania",98711,716
0500000US42071,42071,"Lancaster County, Pennsylvania",207807,589
0500000US42073,42073,"Lawrence County, Pennsylvania",40618,321
0500000US42075,42075,"Lebanon County, Pennsylvania",56637,375
0500000US42077,42077,"Lehigh County, Pennsylvania",144222,616
0500000US42079,42079,"Luzerne County, Pennsylvania",147888,895
0500000US42081,42081,"Lycoming County, Pennsylvania",52690,444
0500000US42085,42085,"Mercer County, Pennsylvania",51533,731
0500000US42089,42089,"Monroe County, Pennsylvania",80759,361
0500000US42091,42091,"Montgomery County, Pennsylvania",329329,850
0500000US42095,42095,"Northampton County, Pennsylvania",121647,822
0500000US42097,42097,"Northumberland County, Pennsylvania",44791,339
0500000US42101,42101,"Philadelphia County, Pennsylvania",674504,1484
0500000US42107,42107,"Schuylkill County, Pennsylvania",68822,530
0500000US42111,42111,"Somerset County, Pennsylvania",37897,380
0500000US42125,42125,"Washington County, Pennsylvania",94536,573
0500000US42129,42129,"Westmoreland County, Pennsylvania",168230,776
0500000US42133,42133,"York County, Pennsylvania",181463,552
0500000US44003,44003,"Kent County, Rhode Island",73612,228
0500000US44005,44005,"Newport County, Rhode Island",41997,411
0500000US44007,44007,"Providence County, Rhode Island",263033,557
0500000US44009,44009,"Washington County, Rhode Island",63167,486
0500000US45003,45003,"Aiken County, South Carolina",75016,415
0500000US45007,45007,"Anderson County, South Carolina",86749,279
0500000US45013,45013,"Beaufort County, South Carolina",96897,530
0500000US45015,45015,"Berkeley County, South Carolina",81033,437
0500000US45019,45019,"Charleston County, South Carolina",184094,864
0500000US45031,45031,"Darlington County, South Carolina",30289,233
0500000US45035,45035,"Dorchester County, South Carolina",59263,284
0500000US45041,45041,"Florence County, South Carolina",59355,453
0500000US45045,45045,"Greenville County, South Carolina",207296,622
0500000US45047,45047,"Greenwood County, South Carolina",31253,368
0500000US45051,45051,"Horry County, South Carolina",199567,594
0500000US45057,45057,"Lancaster County, South Carolina",36069,273
0500000US45059,45059,"Laurens County, South Carolina",30668,318
0500000US45063,45063,"Lexington County, South Carolina",121307,632
0500000US45073,45073,"Oconee County, South Carolina",39424,234
0500000US45075,45075,"Orangeburg County, South Carolina",42059,261
0500000US45077,45077,"Pickens County, South Carolina",52866,574
0500000US45079,45079,"Richland County, South Carolina",171101,996
0500000US45083,45083,"Spartanburg County, South Carolina",126531,527
0500000US45085,45085,"Sumter County, South Carolina",47275,238
0500000US45091,45091,"York County, South Carolina",104115,454
0500000US46099,46099,"Minnehaha County, South Dakota",79133,483
0500000US46103,46103,"Pennington County, South Dakota",47636,568
0500000US47001,47001,"Anderson County, Tennessee",34854,295
0500000US47009,47009,"Blount County, Tennessee",56929,400
0500000US47011,47011,"Bradley County, Tennessee",43362,545
0500000US47037,47037,"Davidson County, Tennessee",306362,1121
0500000US47059,47059,"Greene County, Tennessee",32197,262
0500000US47065,47065,"Hamilton County, Tennessee",157765,755
0500000US47093,47093,"Knox County, Tennessee",201886,833
0500000US47113,47113,"Madison County, Tennessee",42934,292
0500000US47119,47119,"Maury County, Tennessee",36671,281
0500000US47125,47125,"Montgomery County, Tennessee",79450,440
0500000US47141,47141,"Putnam County, Tennessee",33695,360
0500000US47147,47147,"Robertson County, Tennessee",26842,330
0500000US47149,47149,"Rutherford County, Tennessee",115464,394
0500000US47155,47155,"Sevier County, Tennessee",56577,234
0500000US47157,47157,"Shelby County, Tennessee",406023,800
0500000US47163,47163,"Sullivan County, Tennessee",74538,396
0500000US47165,47165,"Sumner County, Tennessee",69856,480
0500000US47179,47179,"Washington County, Tennessee",59870,771
0500000US47187,47187,"Williamson County, Tennessee",78599,79
0500000US47189,47189,"Wilson County, Tennessee",51494,362
0500000US48005,48005,"Angelina County, Texas",36389,455
0500000US48021,48021,"Bastrop County, Texas",29962,373
0500000US48027,48027,"Bell County, Texas",137662,687
0500000US48029,48029,"Bexar County, Texas",687690,793
0500000US48037,48037,"Bowie County, Texas",39530,633
0500000US48039,48039,"Brazoria County, Texas",132660,815
0500000US48041,48041,"Brazos County, Texas",86770,1009
0500000US48061,48061,"Cameron County, Texas",148665,341
0500000US48085,48085,"Collin County, Texas",351310,363
0500000US48091,48091,"Comal County, Texas",54799,286
0500000US48099,48099,"Coryell County, Texas",26408,692
0500000US48113,48113,"Dallas County, Texas",1003060,1102
0500000US48121,48121,"Denton County, Texas",297936,1079
0500000US48135,48135,"Ector County, Texas",57602,481
0500000US48139,48139,"Ellis County, Texas",59393,352
0500000US48141,48141,"El Paso County, Texas",293648,627
0500000US48157,48157,"Fort Bend County, Texas",242476,493
0500000US48167,48167,"Galveston County, Texas",144543,590
0500000US48181,48181,"Grayson County, Texas",54966,325
0500000US48183,48183,"Gregg County, Texas",51836,420
0500000US48187,48187,"Guadalupe County, Texas",56505,225
0500000US48201,48201,"Harris County, Texas",1751942,1278
0500000US48203,48203,"Harrison County, Texas",28190,168
0500000US48209,48209,"Hays County, Texas",75486,799
0500000US48213,48213,"Henderson County, Texas",40215,248
0500000US48215,48215,"Hidalgo County, Texas",268803,484
0500000US48231,48231,"Hunt County, Texas",37160,377
0500000US48245,48245,"Jefferson County, Texas",108551,1020
0500000US48251,48251,"Johnson County, Texas",60409,283
0500000US48257,48257,"Kaufman County, Texas",40082,278
0500000US48291,48291,"Liberty County, Texas",30102,613
0500000US48303,48303,"Lubbock County, Texas",124852,711
0500000US48309,48309,"McLennan County, Texas",100051,707
0500000US48329,48329,"Midland County, Texas",60500,312
0500000US48339,48339,"Montgomery County, Texas",209429,271
0500000US48347,48347,"Nacogdoches County, Texas",28081,575
0500000US48355,48355,"Nueces County, Texas",148931,597
0500000US48361,48361,"Orange County, Texas",36747,168
0500000US48367,48367,"Parker County, Texas",48725,326
0500000US48375,48375,"Potter County, Texas",49789,452
0500000US48381,48381,"Randall County, Texas",54306,405
0500000US48397,48397,"Rockwall County, Texas",32700,195
0500000US48409,48409,"San Patricio County, Texas",27944,180
0500000US48423,48423,"Smith County, Texas",89331,490
0500000US48439,48439,"Tarrant County, Texas",756596,957
0500000US48441,48441,"Taylor County, Texas",57385,593
0500000US48451,48451,"Tom Green County, Texas",48470,823
0500000US48453,48453,"Travis County, Texas",499033,2756
0500000US48469,48469,"Victoria County, Texas",36964,251
0500000US48471,48471,"Walker County, Texas",25405,1696
0500000US48479,48479,"Webb County, Texas",81491,304
0500000US48485,48485,"Wichita County, Texas",56083,1359
0500000US48491,48491,"Williamson County, Texas",186975,794
0500000US49005,49005,"Cache County, Utah",40127,254
0500000US49011,49011,"Davis County, Utah",106525,527
0500000US49035,49035,"Salt Lake County, Utah",386434,617
0500000US49049,49049,"Utah County, Utah",166820,498
0500000US49053,49053,"Washington County, Utah",65472,382
0500000US49057,49057,"Weber County, Utah",89477,378
0500000US50007,50007,"Chittenden County, Vermont",68525,381
0500000US51003,51003,"Albemarle County, Virginia",44685,476
0500000US51013,51013,"Arlington County, Virginia",112970,589
0500000US51015,51015,"Augusta County, Virginia",32281,443
0500000US51019,51019,"Bedford County, Virginia",36348,119
0500000US51041,51041,"Chesterfield County, Virginia",129012,305
0500000US51059,51059,"Fairfax County, Virginia",414320,573
0500000US51061,51061,"Fauquier County, Virginia",26598,113
0500000US51069,51069,"Frederick County, Virginia",33385,410
0500000US51085,51085,"Hanover County, Virginia",40907,199
0500000US51087,51087,"Henrico County, Virginia",136840,444
0500000US51095,51095,"James City County, Virginia",32807,313
0500000US51107,51107,"Loudoun County, Virginia",129941,354
0500000US51121,51121,"Montgomery County, Virginia",39669,459
0500000US51153,51153,"Prince William County, Virginia",147524,317
0500000US51161,51161,"Roanoke County, Virginia",41022,416
0500000US51165,51165,"Rockingham County, Virginia",34970,218
0500000US51177,51177,"Spotsylvania County, Virginia",46895,111
0500000US51179,51179,"Stafford County, Virginia",47949,415
0500000US51199,51199,"York County, Virginia",27741,193
0500000US51510,51510,"Alexandria city, Virginia",76573,473
0500000US51550,51550,"Chesapeake city, Virginia",90115,697
0500000US51650,51650,"Hampton city, Virginia",60419,646
0500000US51680,51680,"Lynchburg city, Virginia",32591,609
0500000US51700,51700,"Newport News city, Virginia",78019,847
0500000US51710,51710,"Norfolk city, Virginia",97865,1368
0500000US51740,51740,"Portsmouth city, Virginia",41154,528
0500000US51760,51760,"Richmond city, Virginia",100671,1113
0500000US51770,51770,"Roanoke city, Virginia",47392,360
0500000US51800,51800,"Suffolk city, Virginia",36200,93
0500000US51810,51810,"Virginia Beach city, Virginia",184348,846
0500000US53005,53005,"Benton County, Washington",73955,265
0500000US53007,53007,"Chelan County, Washington",36736,307
0500000US53009,53009,"Clallam County, Washington",36074,249
0500000US53011,53011,"Clark County, Washington",177841,1105
0500000US53015,53015,"Cowlitz County, Washington",43630,311
0500000US53021,53021,"Franklin County, Washington",27006,331
0500000US53025,53025,"Grant County, Washington",35981,111
0500000US53027,53027,"Grays Harbor County, Washington",35373,366
0500000US53029,53029,"Island County, Washington",41042,331
0500000US53033,53033,"King County, Washington",910159,1157
0500000US53035,53035,"Kitsap County, Washington",110398,558
0500000US53041,53041,"Lewis County, Washington",34157,257
0500000US53053,53053,"Pierce County, Washington",338550,1197
0500000US53057,53057,"Skagit County, Washington",52526,256
0500000US53061,53061,"Snohomish County, Washington",303563,855
0500000US53063,53063,"Spokane County, Washington",210559,772
0500000US53067,53067,"Thurston County, Washington",113314,606
0500000US53073,53073,"Whatcom County, Washington",94189,485
0500000US53077,53077,"Yakima County, Washington",86728,490
0500000US54003,54003,"Berkeley County, West Virginia",47352,200
0500000US54011,54011,"Cabell County, West Virginia",46476,473
0500000US54033,54033,"Harrison County, West Virginia",31591,126
0500000US54039,54039,"Kanawha County, West Virginia",92541,431
0500000US54061,54061,"Monongalia County, West Virginia",44689,607
0500000US54081,54081,"Raleigh County, West Virginia",35999,692
0500000US54107,54107,"Wood County, West Virginia",40310,227
0500000US55009,55009,"Brown County, Wisconsin",108691,533
0500000US55025,55025,"Dane County, Wisconsin",228274,866
0500000US55027,55027,"Dodge County, Wisconsin",37472,364
0500000US55035,55035,"Eau Claire County, Wisconsin",43490,447
0500000US55039,55039,"Fond du Lac County, Wisconsin",44718,398
0500000US55055,55055,"Jefferson County, Wisconsin",35460,412
0500000US55059,55059,"Kenosha County, Wisconsin",69878,532
0500000US55063,55063,"La Crosse County, Wisconsin",49776,331
0500000US55071,55071,"Manitowoc County, Wisconsin",37220,254
0500000US55073,55073,"Marathon County, Wisconsin",58716,305
0500000US55079,55079,"Milwaukee County, Wisconsin",417311,1138
0500000US55087,55087,"Outagamie County, Wisconsin",76356,387
0500000US55089,55089,"Ozaukee County, Wisconsin",37016,1068
0500000US55097,55097,"Portage County, Wisconsin",30610,253
0500000US55101,55101,"Racine County, Wisconsin",82374,482
0500000US55105,55105,"Rock County, Wisconsin",68513,322
0500000US55109,55109,"St. Croix County, Wisconsin",35214,129
0500000US55117,55117,"Sheboygan County, Wisconsin",50606,293
0500000US55127,55127,"Walworth County, Wisconsin",51906,282
0500000US55131,55131,"Washington County, Wisconsin",56125,177
0500000US55133,55133,"Waukesha County, Wisconsin",164330,541
0500000US55139,55139,"Winnebago County, Wisconsin",75111,530
0500000US55141,55141,"Wood County, Wisconsin",34732,204
0500000US56021,56021,"Laramie County, Wyoming",42287,263
0500000US56025,56025,"Natrona County, Wyoming",36256,408
0500000US72013,72013,"Arecibo Municipio, Puerto Rico",40997,1070
0500000US72021,72021,"Bayamón Municipio, Puerto Rico",83428,1437
0500000US72025,72025,"Caguas Municipio, Puerto Rico",57614,1371
0500000US72031,72031,"Carolina Municipio, Puerto Rico",77766,1166
0500000US72061,72061,"Guaynabo Municipio, Puerto Rico",39685,1114
0500000US72097,72097,"Mayagüez Municipio, Puerto Rico",40817,1055
0500000US72113,72113,"Ponce Municipio, Puerto Rico",66922,1353
0500000US72127,72127,"San Juan Municipio, Puerto Rico",192689,2662
0500000US72135,72135,"Toa Alta Municipio, Puerto Rico",25700,993
0500000US72137,72137,"Toa Baja Municipio, Puerto Rico",34937,1021
0500000US72139,72139,"Trujillo Alto Municipio, Puerto Rico",29330,961
