GEO.id,GEO.id2,GEO.display-label,HD01_VD01,HD02_VD01,HD01_VD02,HD02_VD02,HD01_VD03,HD02_VD03
Id,Id2,Geography,Estimate; Total:,Margin of Error; Total:,Estimate; Total: - With public assistance income,Margin of Error; Total: - With public assistance income,Estimate; Total: - No public assistance income,Margin of Error; Total: - No public assistance income
0500000US01003,01003,"Baldwin County, Alabama",76779,3010,471,268,76308,3033
0500000US01015,01015,"Calhoun County, Alabama",43972,1687,742,339,43230,1732
0500000US01043,01043,"Cullman County, Alabama",30299,1234,448,312,29851,1275
0500000US01049,01049,"DeKalb County, Alabama",25383,1190,521,349,24862,1248
0500000US01051,01051,"Elmore County, Alabama",29350,1102,486,289,28864,1145
0500000US01055,01055,"Etowah County, Alabama",38766,1489,261,270,38505,1477
0500000US01069,01069,"Houston County, Alabama",39167,959,454,172,38713,965
0500000US01073,01073,"Jefferson County, Alabama",261904,4316,4519,1180,257385,4385
0500000US01077,01077,"Lauderdale County, Alabama",37875,1391,471,300,37404,1431
0500000US01081,01081,"Lee County, Alabama",59354,1783,791,572,58563,1844
0500000US01083,01083,"Limestone County, Alabama",31880,1214,678,501,31202,1238
0500000US01089,01089,"Madison County, Alabama",143669,2833,3632,899,140037,2912
0500000US01095,01095,"Marshall County, Alabama",34726,1047,593,264,34133,1015
0500000US01097,01097,"Mobile County, Alabama",157141,2741,1840,532,155301,2849
0500000US01101,01101,"Montgomery County, Alabama",90827,1963,1231,544,89596,1954
0500000US01103,01103,"Morgan County, Alabama",44816,1847,895,574,43921,1909
0500000US01115,01115,"St. Clair County, Alabama",31615,1367,309,320,31306,1442
0500000US01117,01117,"Shelby County, Alabama",76059,1692,800,453,75259,1733
0500000US01121,01121,"Talladega County, Alabama",31517,1635,443,451,31074,1654
0500000US01125,01125,"Tuscaloosa County, Alabama",73825,2003,3027,911,70798,2330
0500000US01127,01127,"Walker County, Alabama",23863,1316,441,290,23422,1393
0500000US02020,02020,"Anchorage Municipality, Alaska",105249,1864,6021,1220,99228,1881
0500000US02090,02090,"Fairbanks North Star Borough, Alaska",33770,1901,904,424,32866,1995
0500000US02170,02170,"Matanuska-Susitna Borough, Alaska",30305,769,1728,456,28577,849
0500000US04001,04001,"Apache County, Arizona",20018,884,1144,302,18874,914
0500000US04003,04003,"Cochise County, Arizona",50147,2119,1388,489,48759,2163
0500000US04005,04005,"Coconino County, Arizona",47408,1957,1127,644,46281,2026
0500000US04013,04013,"Maricopa County, Arizona",1521131,9246,23444,2256,1497687,9416
0500000US04015,04015,"Mohave County, Arizona",84876,2775,1846,613,83030,2805
0500000US04017,04017,"Navajo County, Arizona",33587,1656,1228,378,32359,1646
0500000US04019,04019,"Pima County, Arizona",400835,4105,6715,1297,394120,4054
0500000US04021,04021,"Pinal County, Arizona",132352,3221,2006,683,130346,3415
0500000US04025,04025,"Yavapai County, Arizona",94962,2874,1221,544,93741,2786
0500000US04027,04027,"Yuma County, Arizona",73072,2001,1057,472,72015,2023
0500000US05007,05007,"Benton County, Arkansas",94494,1606,834,315,93660,1603
0500000US05031,05031,"Craighead County, Arkansas",39813,1369,672,424,39141,1420
0500000US05045,05045,"Faulkner County, Arkansas",43964,1306,789,338,43175,1331
0500000US05051,05051,"Garland County, Arkansas",39309,2140,650,347,38659,2195
0500000US05069,05069,"Jefferson County, Arkansas",26750,1509,3417,1009,23333,1544
0500000US05085,05085,"Lonoke County, Arkansas",26327,934,238,234,26089,965
0500000US05119,05119,"Pulaski County, Arkansas",161291,2762,2143,675,159148,2841
0500000US05125,05125,"Saline County, Arkansas",43371,1397,1010,522,42361,1491
0500000US05131,05131,"Sebastian County, Arkansas",51055,1457,1044,491,50011,1554
0500000US05143,05143,"Washington County, Arkansas",88690,1279,596,369,88094,1315
0500000US05145,05145,"White County, Arkansas",28221,1401,347,247,27874,1430
0500000US06001,06001,"Alameda County, California",572012,3657,18059,1976,553953,3934
0500000US06007,06007,"Butte County, California",85531,2090,3672,915,81859,2243
0500000US06013,06013,"Contra Costa County, California",391288,2968,10689,1872,380599,3520
0500000US06017,06017,"El Dorado County, California",69653,2207,1846,668,67807,2074
0500000US06019,06019,"Fresno County, California",303216,2788,24405,2692,278811,3487
0500000US06023,06023,"Humboldt County, California",54230,1436,2081,649,52149,1528
0500000US06025,06025,"Imperial County, California",44855,1612,3842,1062,41013,1919
0500000US06029,06029,"Kern County, California",270359,3011,17079,2483,253280,3721
0500000US06031,06031,"Kings County, California",43090,1044,1888,751,41202,1314
0500000US06033,06033,"Lake County, California",24593,1484,789,460,23804,1467
0500000US06037,06037,"Los Angeles County, California",3305589,8089,120708,5339,3184881,9476
0500000US06039,06039,"Madera County, California",44369,1495,2768,1117,41601,1509
0500000US06041,06041,"Marin County, California",106333,1579,1540,587,104793,1593
0500000US06045,06045,"Mendocino County, California",35439,1083,2041,739,33398,1194
0500000US06047,06047,"Merced County, California",77713,1471,6664,1211,71049,1893
0500000US06053,06053,"Monterey County, California",125740,2166,1980,620,123760,2271
0500000US06055,06055,"Napa County, California",49561,1328,605,250,48956,1365
0500000US06057,06057,"Nevada County, California",38708,1911,1140,596,37568,1933
0500000US06059,06059,"Orange County, California",1032218,5228,21556,2468,1010662,6034
0500000US06061,06061,"Placer County, California",139104,2002,3280,951,135824,2163
0500000US06065,06065,"Riverside County, California",715040,4938,23023,2363,692017,5197
0500000US06067,06067,"Sacramento County, California",535090,3201,25116,2753,509974,3463
0500000US06071,06071,"San Bernardino County, California",633173,4114,29066,3189,604107,4742
0500000US06073,06073,"San Diego County, California",1110568,6697,31045,3147,1079523,7187
0500000US06075,06075,"San Francisco County, California",358703,4561,7267,1317,351436,4783
0500000US06077,06077,"San Joaquin County, California",227186,2066,11267,1920,215919,2856
0500000US06079,06079,"San Luis Obispo County, California",106312,2380,881,441,105431,2397
0500000US06081,06081,"San Mateo County, California",263445,2321,4826,1272,258619,2707
0500000US06083,06083,"Santa Barbara County, California",142449,2099,2995,873,139454,2074
0500000US06085,06085,"Santa Clara County, California",635687,3094,13154,1734,622533,3255
0500000US06087,06087,"Santa Cruz County, California",96257,1860,2113,958,94144,2120
0500000US06089,06089,"Shasta County, California",72095,1299,2439,678,69656,1422
0500000US06095,06095,"Solano County, California",149172,1723,6022,1363,143150,2257
0500000US06097,06097,"Sonoma County, California",187504,2620,3389,671,184115,2589
0500000US06099,06099,"Stanislaus County, California",172881,1805,8663,1534,164218,2013
0500000US06101,06101,"Sutter County, California",32345,817,1593,617,30752,935
0500000US06107,06107,"Tulare County, California",135648,1649,12599,1825,123049,2262
0500000US06111,06111,"Ventura County, California",268091,2469,4825,1083,263266,2647
0500000US06113,06113,"Yolo County, California",73055,1314,1701,832,71354,1514
0500000US06115,06115,"Yuba County, California",26699,679,1333,631,25366,941
0500000US08001,08001,"Adams County, Colorado",163122,1428,3397,941,159725,1683
0500000US08005,08005,"Arapahoe County, Colorado",235942,2086,3661,893,232281,2069
0500000US08013,08013,"Boulder County, Colorado",123820,2004,1902,678,121918,2190
0500000US08014,08014,"Broomfield County, Colorado",26269,479,331,243,25938,514
0500000US08031,08031,"Denver County, Colorado",292003,2724,6747,1260,285256,3066
0500000US08035,08035,"Douglas County, Colorado",120125,1373,1226,574,118899,1469
0500000US08041,08041,"El Paso County, Colorado",257508,2763,6215,1205,251293,2995
0500000US08059,08059,"Jefferson County, Colorado",230890,1877,3736,713,227154,1832
0500000US08069,08069,"Larimer County, Colorado",131407,1911,2705,886,128702,2151
0500000US08077,08077,"Mesa County, Colorado",60188,1483,1387,480,58801,1569
0500000US08101,08101,"Pueblo County, Colorado",62275,1632,2361,716,59914,1666
0500000US08123,08123,"Weld County, Colorado",102087,1317,2490,768,99597,1410
0500000US09001,09001,"Fairfield County, Connecticut",335318,3387,5935,1227,329383,3453
0500000US09003,09003,"Hartford County, Connecticut",350369,2526,19742,2248,330627,3543
0500000US09005,09005,"Litchfield County, Connecticut",74105,1681,1790,489,72315,1845
0500000US09007,09007,"Middlesex County, Connecticut",66002,1801,1478,470,64524,1911
0500000US09009,09009,"New Haven County, Connecticut",327560,3536,13825,1905,313735,3732
0500000US09011,09011,"New London County, Connecticut",105113,2058,3672,939,101441,2078
0500000US09013,09013,"Tolland County, Connecticut",54068,1539,1340,659,52728,1696
0500000US09015,09015,"Windham County, Connecticut",44734,1183,4776,978,39958,1448
0500000US10001,10001,"Kent County, Delaware",64452,1537,2629,875,61823,1769
0500000US10003,10003,"New Castle County, Delaware",203782,2314,3965,835,199817,2566
0500000US10005,10005,"Sussex County, Delaware",82851,2545,1704,713,81147,2544
0500000US11001,11001,"District of Columbia, District of Columbia",281241,3152,11025,1689,270216,3471
0500000US12001,12001,"Alachua County, Florida",94428,3539,2177,735,92251,3627
0500000US12005,12005,"Bay County, Florida",70330,2729,1079,482,69251,2807
0500000US12009,12009,"Brevard County, Florida",226021,4123,4050,1008,221971,4224
0500000US12011,12011,"Broward County, Florida",681474,7066,10083,1730,671391,7188
0500000US12015,12015,"Charlotte County, Florida",75147,2941,840,423,74307,2949
0500000US12017,12017,"Citrus County, Florida",63581,2500,1030,515,62551,2447
0500000US12019,12019,"Clay County, Florida",74130,1242,1756,841,72374,1367
0500000US12021,12021,"Collier County, Florida",139522,4307,1036,448,138486,4302
0500000US12023,12023,"Columbia County, Florida",24215,1165,365,320,23850,1152
0500000US12031,12031,"Duval County, Florida",353946,4959,9426,1557,344520,4762
0500000US12033,12033,"Escambia County, Florida",118702,2712,1581,469,117121,2654
0500000US12035,12035,"Flagler County, Florida",41311,1902,692,278,40619,1907
0500000US12053,12053,"Hernando County, Florida",74262,2002,1107,465,73155,2060
0500000US12055,12055,"Highlands County, Florida",38808,2109,441,288,38367,2139
0500000US12057,12057,"Hillsborough County, Florida",514487,5129,10862,1476,503625,5303
0500000US12061,12061,"Indian River County, Florida",55427,2857,532,383,54895,2846
0500000US12069,12069,"Lake County, Florida",128888,3114,2132,769,126756,3111
0500000US12071,12071,"Lee County, Florida",261735,5295,5215,1183,256520,5531
0500000US12073,12073,"Leon County, Florida",112119,2406,1393,429,110726,2504
0500000US12081,12081,"Manatee County, Florida",142465,2824,2614,823,139851,2874
0500000US12083,12083,"Marion County, Florida",134239,3539,2626,763,131613,3544
0500000US12085,12085,"Martin County, Florida",62976,2406,638,331,62338,2409
0500000US12086,12086,"Miami-Dade County, Florida",880766,6091,22182,2319,858584,6386
0500000US12087,12087,"Monroe County, Florida",30318,1827,774,298,29544,1786
0500000US12089,12089,"Nassau County, Florida",30547,1471,651,475,29896,1495
0500000US12091,12091,"Okaloosa County, Florida",76102,2334,1312,587,74790,2357
0500000US12095,12095,"Orange County, Florida",468515,4842,8204,1548,460311,5033
0500000US12097,12097,"Osceola County, Florida",97569,3624,2811,849,94758,3589
0500000US12099,12099,"Palm Beach County, Florida",536446,6570,13532,1819,522914,6559
0500000US12101,12101,"Pasco County, Florida",195628,2957,5419,1193,190209,3160
0500000US12103,12103,"Pinellas County, Florida",407268,5562,12174,2015,395094,5620
0500000US12105,12105,"Polk County, Florida",226429,3850,6067,1245,220362,3917
0500000US12107,12107,"Putnam County, Florida",28025,1357,1052,606,26973,1426
0500000US12109,12109,"St. Johns County, Florida",84187,2400,1127,528,83060,2438
0500000US12111,12111,"St. Lucie County, Florida",111617,3321,1815,606,109802,3456
0500000US12113,12113,"Santa Rosa County, Florida",61817,1845,921,510,60896,1729
0500000US12115,12115,"Sarasota County, Florida",176191,4327,1918,734,174273,4418
0500000US12117,12117,"Seminole County, Florida",167549,2524,3315,877,164234,2661
0500000US12119,12119,"Sumter County, Florida",51781,2926,512,391,51269,2918
0500000US12127,12127,"Volusia County, Florida",214039,4010,4075,1059,209964,4092
0500000US12131,12131,"Walton County, Florida",27207,2120,134,116,27073,2127
0500000US13013,13013,"Barrow County, Georgia",24865,971,788,499,24077,963
0500000US13015,13015,"Bartow County, Georgia",36430,1317,3437,1091,32993,1739
0500000US13021,13021,"Bibb County, Georgia",57692,1763,1698,673,55994,1833
0500000US13031,13031,"Bulloch County, Georgia",26411,1512,355,305,26056,1536
0500000US13045,13045,"Carroll County, Georgia",40516,1473,1028,587,39488,1528
0500000US13047,13047,"Catoosa County, Georgia",24743,1128,606,477,24137,1257
0500000US13051,13051,"Chatham County, Georgia",110185,1840,1184,575,109001,1939
0500000US13057,13057,"Cherokee County, Georgia",84088,1934,930,534,83158,1926
0500000US13059,13059,"Clarke County, Georgia",47563,1363,450,340,47113,1337
0500000US13063,13063,"Clayton County, Georgia",94346,2051,1746,663,92600,2019
0500000US13067,13067,"Cobb County, Georgia",277949,2711,2776,802,275173,2803
0500000US13073,13073,"Columbia County, Georgia",47513,1934,448,472,47065,1864
0500000US13077,13077,"Coweta County, Georgia",50503,1202,904,450,49599,1213
0500000US13089,13089,"DeKalb County, Georgia",281356,3760,4391,1120,276965,3945
0500000US13095,13095,"Dougherty County, Georgia",34264,1537,981,479,33283,1531
0500000US13097,13097,"Douglas County, Georgia",48901,1209,1062,632,47839,1344
0500000US13113,13113,"Fayette County, Georgia",40046,922,197,203,39849,968
0500000US13115,13115,"Floyd County, Georgia",35411,1199,3107,945,32304,1380
0500000US13117,13117,"Forsyth County, Georgia",72208,1311,722,457,71486,1399
0500000US13121,13121,"Fulton County, Georgia",396184,4547,5864,1231,390320,4799
0500000US13127,13127,"Glynn County, Georgia",31757,2289,285,244,31472,2269
0500000US13135,13135,"Gwinnett County, Georgia",290405,2752,3744,808,286661,2775
0500000US13139,13139,"Hall County, Georgia",62038,1709,3391,1162,58647,2019
0500000US13151,13151,"Henry County, Georgia",74473,1560,719,394,73754,1603
0500000US13153,13153,"Houston County, Georgia",55901,1389,786,419,55115,1370
0500000US13179,13179,"Liberty County, Georgia",22952,1001,258,172,22694,1008
0500000US13185,13185,"Lowndes County, Georgia",40835,1341,1118,634,39717,1443
0500000US13215,13215,"Muscogee County, Georgia",73051,2017,1214,439,71837,2024
0500000US13217,13217,"Newton County, Georgia",35825,1090,452,366,35373,1128
0500000US13223,13223,"Paulding County, Georgia",53249,1006,1556,829,51693,1273
0500000US13245,13245,"Richmond County, Georgia",75909,2070,3302,1046,72607,2243
0500000US13247,13247,"Rockdale County, Georgia",30381,1165,1395,699,28986,1335
0500000US13285,13285,"Troup County, Georgia",24493,1292,639,318,23854,1318
0500000US13295,13295,"Walker County, Georgia",25110,1422,163,195,24947,1417
0500000US13297,13297,"Walton County, Georgia",30715,1037,609,426,30106,1041
0500000US13313,13313,"Whitfield County, Georgia",35858,1376,474,385,35384,1354
0500000US15001,15001,"Hawaii County, Hawaii",69818,1668,2421,862,67397,1897
0500000US15003,15003,"Honolulu County, Hawaii",309169,3715,11834,1796,297335,3866
0500000US15007,15007,"Kauai County, Hawaii",23214,1021,382,234,22832,1008
0500000US15009,15009,"Maui County, Hawaii",53612,1945,1500,514,52112,1843
0500000US16001,16001,"Ada County, Idaho",167026,2212,3513,858,163513,2233
0500000US16005,16005,"Bannock County, Idaho",30106,1132,1460,500,28646,1193
0500000US16019,16019,"Bonneville County, Idaho",38464,1040,1523,622,36941,1199
0500000US16027,16027,"Canyon County, Idaho",69859,1249,2701,891,67158,1453
0500000US16055,16055,"Kootenai County, Idaho",58875,1834,1833,841,57042,2018
0500000US16083,16083,"Twin Falls County, Idaho",30119,865,716,408,29403,939
0500000US17001,17001,"Adams County, Illinois",27414,734,349,197,27065,752
0500000US17019,17019,"Champaign County, Illinois",81856,2468,1192,445,80664,2525
0500000US17031,17031,"Cook County, Illinois",1963973,8769,56117,3584,1907856,9239
0500000US17037,17037,"DeKalb County, Illinois",36690,1355,1093,399,35597,1320
0500000US17043,17043,"DuPage County, Illinois",341320,2393,5868,1180,335452,2586
0500000US17089,17089,"Kane County, Illinois",175360,2537,3672,786,171688,2577
0500000US17091,17091,"Kankakee County, Illinois",39314,1235,1120,446,38194,1343
0500000US17093,17093,"Kendall County, Illinois",40752,620,621,494,40131,788
0500000US17097,17097,"Lake County, Illinois",244390,2370,5274,1045,239116,2440
0500000US17099,17099,"LaSalle County, Illinois",44753,1080,727,322,44026,1138
0500000US17111,17111,"McHenry County, Illinois",110717,1470,1443,518,109274,1543
0500000US17113,17113,"McLean County, Illinois",65644,1378,1041,396,64603,1515
0500000US17115,17115,"Macon County, Illinois",44002,1353,1626,486,42376,1435
0500000US17119,17119,"Madison County, Illinois",105465,2808,2803,760,102662,2711
0500000US17143,17143,"Peoria County, Illinois",73209,1808,2124,587,71085,1814
0500000US17161,17161,"Rock Island County, Illinois",60206,1162,995,400,59211,1245
0500000US17163,17163,"St. Clair County, Illinois",104782,2295,3816,1087,100966,2412
0500000US17167,17167,"Sangamon County, Illinois",82959,1528,1476,434,81483,1557
0500000US17179,17179,"Tazewell County, Illinois",56051,919,935,423,55116,1035
0500000US17183,17183,"Vermilion County, Illinois",31928,1221,488,246,31440,1253
0500000US17197,17197,"Will County, Illinois",228068,2414,3504,748,224564,2468
0500000US17199,17199,"Williamson County, Illinois",26761,1084,1039,554,25722,1157
0500000US17201,17201,"Winnebago County, Illinois",114996,1992,4693,1273,110303,2229
0500000US18003,18003,"Allen County, Indiana",142762,2009,3092,1028,139670,2364
0500000US18005,18005,"Bartholomew County, Indiana",31626,953,883,356,30743,968
0500000US18019,18019,"Clark County, Indiana",42498,1548,558,269,41940,1581
0500000US18035,18035,"Delaware County, Indiana",46720,1458,1520,513,45200,1488
0500000US18039,18039,"Elkhart County, Indiana",72487,1467,1226,563,71261,1450
0500000US18043,18043,"Floyd County, Indiana",29199,967,140,128,29059,985
0500000US18053,18053,"Grant County, Indiana",26528,1025,265,192,26263,1064
0500000US18057,18057,"Hamilton County, Indiana",118521,1707,1143,745,117378,1883
0500000US18059,18059,"Hancock County, Indiana",27968,810,221,226,27747,838
0500000US18063,18063,"Hendricks County, Indiana",58677,1238,382,269,58295,1252
0500000US18067,18067,"Howard County, Indiana",34195,1167,996,477,33199,1165
0500000US18081,18081,"Johnson County, Indiana",54542,1630,541,293,54001,1691
0500000US18085,18085,"Kosciusko County, Indiana",30494,1012,910,425,29584,1071
0500000US18089,18089,"Lake County, Indiana",185575,2341,3400,803,182175,2432
0500000US18091,18091,"LaPorte County, Indiana",42074,1553,832,442,41242,1554
0500000US18095,18095,"Madison County, Indiana",50964,1484,3351,749,47613,1491
0500000US18097,18097,"Marion County, Indiana",368349,3531,5759,1218,362590,3628
0500000US18105,18105,"Monroe County, Indiana",54513,1571,460,274,54053,1653
0500000US18109,18109,"Morgan County, Indiana",25881,941,344,345,25537,930
0500000US18127,18127,"Porter County, Indiana",62986,1607,570,335,62416,1687
0500000US18141,18141,"St. Joseph County, Indiana",97071,2206,2130,684,94941,2348
0500000US18157,18157,"Tippecanoe County, Indiana",68405,1780,868,554,67537,1867
0500000US18163,18163,"Vanderburgh County, Indiana",74968,1879,2669,1015,72299,2184
0500000US18167,18167,"Vigo County, Indiana",40328,1505,842,424,39486,1530
0500000US18177,18177,"Wayne County, Indiana",26538,1149,1107,569,25431,1250
0500000US19013,19013,"Black Hawk County, Iowa",52479,1390,1194,418,51285,1455
0500000US19049,19049,"Dallas County, Iowa",33180,729,498,277,32682,730
0500000US19061,19061,"Dubuque County, Iowa",37710,1062,948,459,36762,1168
0500000US19103,19103,"Johnson County, Iowa",57217,1936,1388,751,55829,2134
0500000US19113,19113,"Linn County, Iowa",89173,2138,1287,455,87886,2233
0500000US19153,19153,"Polk County, Iowa",182537,2636,4358,1061,178179,2775
0500000US19155,19155,"Pottawattamie County, Iowa",36094,1075,551,280,35543,1200
0500000US19163,19163,"Scott County, Iowa",66527,1677,818,375,65709,1695
0500000US19169,19169,"Story County, Iowa",37350,985,565,339,36785,1065
0500000US19193,19193,"Woodbury County, Iowa",38637,1218,798,376,37839,1287
0500000US20015,20015,"Butler County, Kansas",24266,904,270,206,23996,916
0500000US20045,20045,"Douglas County, Kansas",45572,1406,803,529,44769,1418
0500000US20091,20091,"Johnson County, Kansas",225606,2066,1735,642,223871,2230
0500000US20103,20103,"Leavenworth County, Kansas",27174,1049,349,219,26825,1029
0500000US20161,20161,"Riley County, Kansas",25523,1501,144,147,25379,1498
0500000US20173,20173,"Sedgwick County, Kansas",195815,2528,4195,846,191620,2716
0500000US20177,20177,"Shawnee County, Kansas",70101,1899,1777,694,68324,2041
0500000US20209,20209,"Wyandotte County, Kansas",58524,1266,1122,407,57402,1237
0500000US21015,21015,"Boone County, Kentucky",46849,1034,629,370,46220,1068
0500000US21029,21029,"Bullitt County, Kentucky",29037,876,242,252,28795,846
0500000US21037,21037,"Campbell County, Kentucky",36461,1248,1133,526,35328,1382
0500000US21047,21047,"Christian County, Kentucky",25121,1117,484,294,24637,1151
0500000US21059,21059,"Daviess County, Kentucky",39629,1153,587,396,39042,1213
0500000US21067,21067,"Fayette County, Kentucky",127137,2102,1724,574,125413,2092
0500000US21093,21093,"Hardin County, Kentucky",39684,1908,685,424,38999,1890
0500000US21111,21111,"Jefferson County, Kentucky",314161,2817,5868,1278,308293,2935
0500000US21117,21117,"Kenton County, Kentucky",63609,1297,1293,420,62316,1272
0500000US21145,21145,"McCracken County, Kentucky",28416,1100,1032,482,27384,1130
0500000US21151,21151,"Madison County, Kentucky",33633,1128,890,415,32743,1224
0500000US21185,21185,"Oldham County, Kentucky",21180,443,24,42,21156,443
0500000US21227,21227,"Warren County, Kentucky",47444,1236,342,255,47102,1247
0500000US22005,22005,"Ascension Parish, Louisiana",40950,1545,711,406,40239,1532
0500000US22015,22015,"Bossier Parish, Louisiana",47458,1800,988,414,46470,1920
0500000US22017,22017,"Caddo Parish, Louisiana",96532,2351,3189,986,93343,2449
0500000US22019,22019,"Calcasieu Parish, Louisiana",77029,2177,1053,496,75976,2138
0500000US22033,22033,"East Baton Rouge Parish, Louisiana",163764,3551,1241,441,162523,3559
0500000US22045,22045,"Iberia Parish, Louisiana",26240,1181,370,239,25870,1223
0500000US22051,22051,"Jefferson Parish, Louisiana",170710,2318,2029,731,168681,2491
0500000US22055,22055,"Lafayette Parish, Louisiana",89130,2127,1378,732,87752,2367
0500000US22057,22057,"Lafourche Parish, Louisiana",37199,999,394,472,36805,1103
0500000US22063,22063,"Livingston Parish, Louisiana",47479,1665,541,384,46938,1634
0500000US22071,22071,"Orleans Parish, Louisiana",154355,2906,3273,727,151082,2983
0500000US22073,22073,"Ouachita Parish, Louisiana",54349,1840,448,356,53901,1837
0500000US22079,22079,"Rapides Parish, Louisiana",47745,1868,503,293,47242,1893
0500000US22097,22097,"St. Landry Parish, Louisiana",30302,1333,111,97,30191,1347
0500000US22103,22103,"St. Tammany Parish, Louisiana",92205,1838,557,357,91648,1845
0500000US22105,22105,"Tangipahoa Parish, Louisiana",47756,1780,570,474,47186,1853
0500000US22109,22109,"Terrebonne Parish, Louisiana",40102,1546,423,316,39679,1559
0500000US23001,23001,"Androscoggin County, Maine",44917,1105,1526,655,43391,1283
0500000US23003,23003,"Aroostook County, Maine",27514,916,1329,417,26185,969
0500000US23005,23005,"Cumberland County, Maine",118049,2275,2044,773,116005,2442
0500000US23011,23011,"Kennebec County, Maine",47791,1833,1709,603,46082,1757
0500000US23019,23019,"Penobscot County, Maine",60195,1491,2270,669,57925,1679
0500000US23031,23031,"York County, Maine",82469,2561,3658,988,78811,2572
0500000US24001,24001,"Allegany County, Maryland",27608,1421,651,283,26957,1408
0500000US24003,24003,"Anne Arundel County, Maryland",206956,2933,4137,1155,202819,3151
0500000US24005,24005,"Baltimore County, Maryland",312921,2473,7020,1206,305901,2876
0500000US24009,24009,"Calvert County, Maryland",32434,912,1621,660,30813,990
0500000US24013,24013,"Carroll County, Maryland",61661,973,962,441,60699,1091
0500000US24015,24015,"Cecil County, Maryland",37296,1460,880,485,36416,1582
0500000US24017,24017,"Charles County, Maryland",55929,1317,918,538,55011,1400
0500000US24021,24021,"Frederick County, Maryland",89800,1578,1484,798,88316,1566
0500000US24025,24025,"Harford County, Maryland",91813,2011,1460,517,90353,2081
0500000US24027,24027,"Howard County, Maryland",112542,1721,1775,776,110767,2001
0500000US24031,24031,"Montgomery County, Maryland",373346,2949,4796,1301,368550,3220
0500000US24033,24033,"Prince George's County, Maryland",307816,2685,7315,1499,300501,3030
0500000US24037,24037,"St. Mary's County, Maryland",41368,1136,2029,1002,39339,1526
0500000US24043,24043,"Washington County, Maryland",55824,1661,1799,618,54025,1691
0500000US24045,24045,"Wicomico County, Maryland",36774,1554,1035,582,35739,1588
0500000US24510,24510,"Baltimore city, Maryland",240761,4046,11051,1602,229710,4346
0500000US25001,25001,"Barnstable County, Massachusetts",92582,3857,2123,661,90459,3910
0500000US25003,25003,"Berkshire County, Massachusetts",54204,1712,1178,595,53026,1723
0500000US25005,25005,"Bristol County, Massachusetts",214232,2316,8797,1638,205435,2546
0500000US25009,25009,"Essex County, Massachusetts",289817,2773,11911,1689,277906,3357
0500000US25011,25011,"Franklin County, Massachusetts",30868,736,710,322,30158,810
0500000US25013,25013,"Hampden County, Massachusetts",178623,2137,6522,1260,172101,2601
0500000US25015,25015,"Hampshire County, Massachusetts",58167,1210,1017,538,57150,1226
0500000US25017,25017,"Middlesex County, Massachusetts",593437,4076,9104,1488,584333,4335
0500000US25021,25021,"Norfolk County, Massachusetts",260609,2715,3856,959,256753,2846
0500000US25023,25023,"Plymouth County, Massachusetts",184577,2667,4003,912,180574,2660
0500000US25025,25025,"Suffolk County, Massachusetts",306790,3509,11197,1730,295593,3545
0500000US25027,25027,"Worcester County, Massachusetts",304833,2918,7778,1150,297055,3284
0500000US26005,26005,"Allegan County, Michigan",41995,1226,542,273,41453,1250
0500000US26017,26017,"Bay County, Michigan",43876,1199,1164,452,42712,1238
0500000US26021,26021,"Berrien County, Michigan",62538,1519,1182,406,61356,1615
0500000US26025,26025,"Calhoun County, Michigan",52888,1350,1564,515,51324,1399
0500000US26037,26037,"Clinton County, Michigan",28944,704,325,190,28619,705
0500000US26045,26045,"Eaton County, Michigan",44666,837,1641,662,43025,1108
0500000US26049,26049,"Genesee County, Michigan",167171,2232,6405,1252,160766,2309
0500000US26055,26055,"Grand Traverse County, Michigan",37252,1261,1481,673,35771,1418
0500000US26065,26065,"Ingham County, Michigan",111779,1888,2580,699,109199,1814
0500000US26073,26073,"Isabella County, Michigan",23920,955,465,170,23455,988
0500000US26075,26075,"Jackson County, Michigan",59993,1688,1717,577,58276,1762
0500000US26077,26077,"Kalamazoo County, Michigan",102336,1841,2955,869,99381,2005
0500000US26081,26081,"Kent County, Michigan",238472,2322,5473,1244,232999,2694
0500000US26087,26087,"Lapeer County, Michigan",33178,923,2334,703,30844,982
0500000US26091,26091,"Lenawee County, Michigan",37781,1320,649,286,37132,1345
0500000US26093,26093,"Livingston County, Michigan",70787,1244,973,310,69814,1273
0500000US26099,26099,"Macomb County, Michigan",342255,3004,5283,956,336972,2947
0500000US26103,26103,"Marquette County, Michigan",25822,873,468,224,25354,851
0500000US26111,26111,"Midland County, Michigan",34381,705,743,336,33638,778
0500000US26115,26115,"Monroe County, Michigan",58789,1096,1051,465,57738,1217
0500000US26121,26121,"Muskegon County, Michigan",65437,1620,2255,644,63182,1592
0500000US26125,26125,"Oakland County, Michigan",500750,3647,7459,1146,493291,3536
0500000US26139,26139,"Ottawa County, Michigan",100425,1475,2353,639,98072,1575
0500000US26145,26145,"Saginaw County, Michigan",78494,1405,1803,502,76691,1366
0500000US26147,26147,"St. Clair County, Michigan",65681,1350,2038,599,63643,1380
0500000US26155,26155,"Shiawassee County, Michigan",28071,602,645,296,27426,646
0500000US26159,26159,"Van Buren County, Michigan",29337,1095,465,284,28872,1153
0500000US26161,26161,"Washtenaw County, Michigan",140079,1822,1981,615,138098,2029
0500000US26163,26163,"Wayne County, Michigan",677208,5301,24839,2190,652369,6104
0500000US27003,27003,"Anoka County, Minnesota",126477,1009,4655,981,121822,1341
0500000US27013,27013,"Blue Earth County, Minnesota",25687,603,527,247,25160,651
0500000US27019,27019,"Carver County, Minnesota",36784,383,584,382,36200,556
0500000US27037,27037,"Dakota County, Minnesota",159765,1427,3374,998,156391,1686
0500000US27053,27053,"Hennepin County, Minnesota",502061,3716,24179,2551,477882,4249
0500000US27109,27109,"Olmsted County, Minnesota",61357,1001,2183,792,59174,1250
0500000US27123,27123,"Ramsey County, Minnesota",208743,1912,12240,1542,196503,2430
0500000US27131,27131,"Rice County, Minnesota",22895,782,755,382,22140,846
0500000US27137,27137,"St. Louis County, Minnesota",85170,1615,2496,547,82674,1616
0500000US27139,27139,"Scott County, Minnesota",48237,999,1113,532,47124,1096
0500000US27141,27141,"Sherburne County, Minnesota",31574,1131,414,317,31160,1221
0500000US27145,27145,"Stearns County, Minnesota",58656,1176,1748,514,56908,1331
0500000US27163,27163,"Washington County, Minnesota",92384,1457,1531,636,90853,1529
0500000US27171,27171,"Wright County, Minnesota",47571,681,971,413,46600,766
0500000US28033,28033,"DeSoto County, Mississippi",61039,1235,603,299,60436,1298
0500000US28035,28035,"Forrest County, Mississippi",28007,1273,461,341,27546,1352
0500000US28047,28047,"Harrison County, Mississippi",75266,2338,1614,636,73652,2471
0500000US28049,28049,"Hinds County, Mississippi",91065,1798,2672,850,88393,1946
0500000US28059,28059,"Jackson County, Mississippi",51637,1850,781,439,50856,1852
0500000US28067,28067,"Jones County, Mississippi",24901,1199,395,222,24506,1205
0500000US28075,28075,"Lauderdale County, Mississippi",28457,1463,404,274,28053,1471
0500000US28081,28081,"Lee County, Mississippi",33209,974,632,336,32577,1064
0500000US28089,28089,"Madison County, Mississippi",38251,1372,363,382,37888,1429
0500000US28121,28121,"Rankin County, Mississippi",56353,1338,1329,825,55024,1678
0500000US29019,29019,"Boone County, Missouri",68848,1784,1219,599,67629,1767
0500000US29021,29021,"Buchanan County, Missouri",33971,1084,613,282,33358,1118
0500000US29031,29031,"Cape Girardeau County, Missouri",29384,1149,405,273,28979,1146
0500000US29037,29037,"Cass County, Missouri",38983,788,807,328,38176,841
0500000US29043,29043,"Christian County, Missouri",30920,1059,700,393,30220,1116
0500000US29047,29047,"Clay County, Missouri",89398,1764,676,419,88722,1763
0500000US29051,29051,"Cole County, Missouri",29995,1096,252,260,29743,1076
0500000US29071,29071,"Franklin County, Missouri",40023,1199,316,249,39707,1235
0500000US29077,29077,"Greene County, Missouri",121734,1955,1837,669,119897,2107
0500000US29095,29095,"Jackson County, Missouri",281910,3278,7690,1269,274220,3431
0500000US29097,29097,"Jasper County, Missouri",45730,1497,881,485,44849,1496
0500000US29099,29099,"Jefferson County, Missouri",83754,1394,1169,414,82585,1470
0500000US29165,29165,"Platte County, Missouri",37929,1025,370,267,37559,1078
0500000US29183,29183,"St. Charles County, Missouri",143152,2185,1481,602,141671,2320
0500000US29187,29187,"St. Francois County, Missouri",24350,1203,688,451,23662,1254
0500000US29189,29189,"St. Louis County, Missouri",403271,3995,4706,1015,398565,3931
0500000US29510,29510,"St. Louis city, Missouri",139021,3248,2687,713,136334,3365
0500000US30013,30013,"Cascade County, Montana",33759,967,678,262,33081,950
0500000US30029,30029,"Flathead County, Montana",39279,1534,681,374,38598,1574
0500000US30031,30031,"Gallatin County, Montana",39644,1504,363,264,39281,1540
0500000US30049,30049,"Lewis and Clark County, Montana",27283,1043,631,341,26652,1092
0500000US30063,30063,"Missoula County, Montana",47725,1317,1420,682,46305,1500
0500000US30111,30111,"Yellowstone County, Montana",65019,1450,1127,512,63892,1431
0500000US31055,31055,"Douglas County, Nebraska",214073,2230,3469,797,210604,2327
0500000US31109,31109,"Lancaster County, Nebraska",122027,2130,3529,1009,118498,2093
0500000US31153,31153,"Sarpy County, Nebraska",64863,949,422,287,64441,979
0500000US32003,32003,"Clark County, Nevada",755258,5554,21003,1918,734255,5913
0500000US32031,32031,"Washoe County, Nevada",174726,1883,6127,1132,168599,2151
0500000US33005,33005,"Cheshire County, New Hampshire",29428,1274,651,308,28777,1312
0500000US33009,33009,"Grafton County, New Hampshire",33546,1576,1013,568,32533,1568
0500000US33011,33011,"Hillsborough County, New Hampshire",158777,1766,3122,820,155655,1851
0500000US33013,33013,"Merrimack County, New Hampshire",57531,1332,1986,735,55545,1413
0500000US33015,33015,"Rockingham County, New Hampshire",119688,1929,1159,463,118529,2034
0500000US33017,33017,"Strafford County, New Hampshire",48351,1519,1283,544,47068,1647
0500000US34001,34001,"Atlantic County, New Jersey",96777,2551,2509,707,94268,2500
0500000US34003,34003,"Bergen County, New Jersey",337227,2888,4735,1045,332492,2972
0500000US34005,34005,"Burlington County, New Jersey",165862,1895,2456,700,163406,2056
0500000US34007,34007,"Camden County, New Jersey",185512,2503,5076,1195,180436,2857
0500000US34009,34009,"Cape May County, New Jersey",38895,2016,532,285,38363,2039
0500000US34011,34011,"Cumberland County, New Jersey",50787,1533,2439,786,48348,1704
0500000US34013,34013,"Essex County, New Jersey",280734,2584,7949,1319,272785,2676
0500000US34015,34015,"Gloucester County, New Jersey",105436,1724,2931,986,102505,1973
0500000US34017,34017,"Hudson County, New Jersey",253321,2976,7498,1407,245823,2964
0500000US34019,34019,"Hunterdon County, New Jersey",47195,1182,520,282,46675,1165
0500000US34021,34021,"Mercer County, New Jersey",128332,2175,3456,927,124876,2258
0500000US34023,34023,"Middlesex County, New Jersey",283661,3081,4940,1232,278721,3225
0500000US34025,34025,"Monmouth County, New Jersey",230769,3025,2939,859,227830,3010
0500000US34027,34027,"Morris County, New Jersey",181059,1858,1899,608,179160,1909
0500000US34029,34029,"Ocean County, New Jersey",224308,3641,4334,1120,219974,3730
0500000US34031,34031,"Passaic County, New Jersey",163868,2066,3679,803,160189,2131
0500000US34033,34033,"Salem County, New Jersey",24195,963,853,396,23342,1040
0500000US34035,34035,"Somerset County, New Jersey",116169,2032,1833,848,114336,2127
0500000US34037,34037,"Sussex County, New Jersey",51978,1940,762,386,51216,2011
0500000US34039,34039,"Union County, New Jersey",187922,1953,4863,1026,183059,2140
0500000US34041,34041,"Warren County, New Jersey",40512,1219,852,408,39660,1251
0500000US35001,35001,"Bernalillo County, New Mexico",262328,2956,8044,1613,254284,3533
0500000US35005,35005,"Chaves County, New Mexico",22516,1187,573,359,21943,1299
0500000US35013,35013,"Doña Ana County, New Mexico",75759,2038,2036,778,73723,1995
0500000US35025,35025,"Lea County, New Mexico",20793,1247,380,228,20413,1299
0500000US35031,35031,"McKinley County, New Mexico",20061,676,811,396,19250,761
0500000US35035,35035,"Otero County, New Mexico",22384,1623,780,485,21604,1551
0500000US35043,35043,"Sandoval County, New Mexico",49821,1240,755,372,49066,1320
0500000US35045,35045,"San Juan County, New Mexico",43093,976,1255,429,41838,1050
0500000US35049,35049,"Santa Fe County, New Mexico",60096,1582,860,395,59236,1610
0500000US35061,35061,"Valencia County, New Mexico",26575,1081,1217,529,25358,1115
0500000US36001,36001,"Albany County, New York",125329,2110,3101,923,122228,2225
0500000US36005,36005,"Bronx County, New York",498539,3078,37247,3116,461292,4740
0500000US36007,36007,"Broome County, New York",76957,2045,4349,1070,72608,2049
0500000US36009,36009,"Cattaraugus County, New York",31409,1137,840,328,30569,1113
0500000US36011,36011,"Cayuga County, New York",30966,1110,876,406,30090,1106
0500000US36013,36013,"Chautauqua County, New York",51705,1835,2345,558,49360,1893
0500000US36015,36015,"Chemung County, New York",34418,1411,537,336,33881,1474
0500000US36019,36019,"Clinton County, New York",30624,1203,880,586,29744,1345
0500000US36027,36027,"Dutchess County, New York",108200,2382,2624,893,105576,2259
0500000US36029,36029,"Erie County, New York",380473,3446,10241,1319,370232,3812
0500000US36045,36045,"Jefferson County, New York",41415,1556,1670,597,39745,1651
0500000US36047,36047,"Kings County, New York",941871,4738,45928,3183,895943,5650
0500000US36051,36051,"Livingston County, New York",23904,915,999,462,22905,910
0500000US36053,36053,"Madison County, New York",25612,1346,762,372,24850,1415
0500000US36055,36055,"Monroe County, New York",299224,3017,11382,1584,287842,3457
0500000US36059,36059,"Nassau County, New York",440785,2860,5537,1015,435248,2945
0500000US36061,36061,"New York County, New York",748293,8650,22348,2926,725945,8687
0500000US36063,36063,"Niagara County, New York",86786,2310,2690,640,84096,2374
0500000US36065,36065,"Oneida County, New York",87929,2138,3084,718,84845,2139
0500000US36067,36067,"Onondaga County, New York",182984,3063,6038,1042,176946,2924
0500000US36069,36069,"Ontario County, New York",45187,1314,991,500,44196,1347
0500000US36071,36071,"Orange County, New York",124365,2193,2599,764,121766,2303
0500000US36075,36075,"Oswego County, New York",44633,1313,1880,671,42753,1492
0500000US36079,36079,"Putnam County, New York",34762,1247,700,415,34062,1293
0500000US36081,36081,"Queens County, New York",761819,5689,24366,2230,737453,5958
0500000US36083,36083,"Rensselaer County, New York",62816,1588,1321,645,61495,1598
0500000US36085,36085,"Richmond County, New York",164289,2449,8002,1532,156287,2942
0500000US36087,36087,"Rockland County, New York",99257,1652,1991,591,97266,1730
0500000US36089,36089,"St. Lawrence County, New York",40479,1519,3055,953,37424,1794
0500000US36091,36091,"Saratoga County, New York",93703,1741,1520,551,92183,1922
0500000US36093,36093,"Schenectady County, New York",48720,1926,2400,631,46320,1905
0500000US36101,36101,"Steuben County, New York",38458,1164,765,388,37693,1168
0500000US36103,36103,"Suffolk County, New York",474311,4927,8220,1227,466091,5064
0500000US36105,36105,"Sullivan County, New York",25031,1701,180,200,24851,1675
0500000US36109,36109,"Tompkins County, New York",37683,1516,1058,504,36625,1504
0500000US36111,36111,"Ulster County, New York",68298,2281,2630,910,65668,2373
0500000US36113,36113,"Warren County, New York",28841,1133,565,282,28276,1126
0500000US36117,36117,"Wayne County, New York",37496,901,458,245,37038,968
0500000US36119,36119,"Westchester County, New York",342216,2884,5709,1184,336507,2944
0500000US37001,37001,"Alamance County, North Carolina",64369,1213,1199,566,63170,1275
0500000US37019,37019,"Brunswick County, North Carolina",54331,2247,950,533,53381,2319
0500000US37021,37021,"Buncombe County, North Carolina",103127,2304,1647,628,101480,2336
0500000US37023,37023,"Burke County, North Carolina",35211,1403,818,346,34393,1446
0500000US37025,37025,"Cabarrus County, North Carolina",70438,1600,912,449,69526,1538
0500000US37027,37027,"Caldwell County, North Carolina",32911,1167,1051,458,31860,1230
0500000US37031,37031,"Carteret County, North Carolina",27506,1324,1550,626,25956,1292
0500000US37035,37035,"Catawba County, North Carolina",61618,1514,1713,698,59905,1589
0500000US37037,37037,"Chatham County, North Carolina",28568,986,235,243,28333,1043
0500000US37045,37045,"Cleveland County, North Carolina",36405,1576,1221,596,35184,1719
0500000US37049,37049,"Craven County, North Carolina",40297,1433,2506,974,37791,1615
0500000US37051,37051,"Cumberland County, North Carolina",124014,2304,2312,759,121702,2379
0500000US37057,37057,"Davidson County, North Carolina",62695,2000,872,447,61823,2038
0500000US37063,37063,"Durham County, North Carolina",123697,1908,1925,767,121772,1942
0500000US37067,37067,"Forsyth County, North Carolina",146219,2576,1870,572,144349,2592
0500000US37071,37071,"Gaston County, North Carolina",82982,1245,3248,727,79734,1382
0500000US37081,37081,"Guilford County, North Carolina",201520,3172,3396,995,198124,3427
0500000US37085,37085,"Harnett County, North Carolina",43960,1230,873,271,43087,1269
0500000US37089,37089,"Henderson County, North Carolina",47791,1641,616,383,47175,1685
0500000US37097,37097,"Iredell County, North Carolina",65037,1312,1325,562,63712,1389
0500000US37101,37101,"Johnston County, North Carolina",66254,1768,906,499,65348,1899
0500000US37109,37109,"Lincoln County, North Carolina",31588,1071,1707,786,29881,1272
0500000US37119,37119,"Mecklenburg County, North Carolina",399504,3382,4268,930,395236,3402
0500000US37125,37125,"Moore County, North Carolina",38786,1543,248,189,38538,1530
0500000US37127,37127,"Nash County, North Carolina",35409,1755,329,262,35080,1779
0500000US37129,37129,"New Hanover County, North Carolina",92808,2055,2924,1256,89884,2444
0500000US37133,37133,"Onslow County, North Carolina",61766,2212,1478,721,60288,2326
0500000US37135,37135,"Orange County, North Carolina",50203,1789,471,318,49732,1832
0500000US37147,37147,"Pitt County, North Carolina",70019,1853,706,445,69313,1946
0500000US37151,37151,"Randolph County, North Carolina",56793,1278,887,465,55906,1333
0500000US37155,37155,"Robeson County, North Carolina",45123,984,643,440,44480,1094
0500000US37157,37157,"Rockingham County, North Carolina",38163,1477,964,560,37199,1531
0500000US37159,37159,"Rowan County, North Carolina",50138,2034,487,335,49651,1985
0500000US37161,37161,"Rutherford County, North Carolina",26982,1319,997,556,25985,1368
0500000US37171,37171,"Surry County, North Carolina",28261,1086,618,315,27643,1093
0500000US37179,37179,"Union County, North Carolina",74763,1121,943,496,73820,1126
0500000US37183,37183,"Wake County, North Carolina",387771,4888,4007,1113,383764,4795
0500000US37191,37191,"Wayne County, North Carolina",47240,1353,558,354,46682,1468
0500000US37193,37193,"Wilkes County, North Carolina",28771,1344,352,259,28419,1354
0500000US37195,37195,"Wilson County, North Carolina",30897,1331,543,345,30354,1407
0500000US38015,38015,"Burleigh County, North Dakota",39075,1081,174,157,38901,1098
0500000US38017,38017,"Cass County, North Dakota",76206,1441,1874,746,74332,1567
0500000US38035,38035,"Grand Forks County, North Dakota",30045,1069,842,790,29203,1263
0500000US38101,38101,"Ward County, North Dakota",27803,1490,370,234,27433,1539
0500000US39003,39003,"Allen County, Ohio",39982,1213,1166,525,38816,1214
0500000US39007,39007,"Ashtabula County, Ohio",38728,1250,948,335,37780,1322
0500000US39009,39009,"Athens County, Ohio",21732,1142,788,330,20944,1121
0500000US39013,39013,"Belmont County, Ohio",27240,929,942,462,26298,908
0500000US39017,39017,"Butler County, Ohio",137314,2256,2379,876,134935,2334
0500000US39023,39023,"Clark County, Ohio",54548,1391,6168,1032,48380,1568
0500000US39025,39025,"Clermont County, Ohio",77925,1403,1467,512,76458,1425
0500000US39029,39029,"Columbiana County, Ohio",41469,1478,988,582,40481,1491
0500000US39035,39035,"Cuyahoga County, Ohio",534355,4530,17450,1516,516905,4650
0500000US39041,39041,"Delaware County, Ohio",68617,1091,770,404,67847,1068
0500000US39043,39043,"Erie County, Ohio",30682,1432,346,266,30336,1419
0500000US39045,39045,"Fairfield County, Ohio",55614,1284,1467,531,54147,1282
0500000US39049,39049,"Franklin County, Ohio",502932,4081,9612,1317,493320,4129
0500000US39055,39055,"Geauga County, Ohio",35519,658,568,430,34951,795
0500000US39057,39057,"Greene County, Ohio",63908,1457,1633,673,62275,1426
0500000US39061,39061,"Hamilton County, Ohio",335907,3583,12011,1856,323896,3650
0500000US39063,39063,"Hancock County, Ohio",31693,936,267,192,31426,999
0500000US39081,39081,"Jefferson County, Ohio",26971,1186,1010,459,25961,1172
0500000US39085,39085,"Lake County, Ohio",96325,1424,2226,781,94099,1601
0500000US39089,39089,"Licking County, Ohio",62898,1554,2124,709,60774,1496
0500000US39093,39093,"Lorain County, Ohio",117871,2165,3962,808,113909,2379
0500000US39095,39095,"Lucas County, Ohio",180217,2346,7259,1290,172958,2410
0500000US39099,39099,"Mahoning County, Ohio",96998,2259,3296,818,93702,2364
0500000US39101,39101,"Marion County, Ohio",25114,1713,869,449,24245,1761
0500000US39103,39103,"Medina County, Ohio",67812,1365,1162,443,66650,1516
0500000US39109,39109,"Miami County, Ohio",41313,1173,699,335,40614,1179
0500000US39113,39113,"Montgomery County, Ohio",223131,3179,6151,1026,216980,3504
0500000US39119,39119,"Muskingum County, Ohio",34169,1315,1092,374,33077,1391
0500000US39133,39133,"Portage County, Ohio",62468,1678,979,469,61489,1723
0500000US39139,39139,"Richland County, Ohio",48437,1420,2173,763,46264,1434
0500000US39141,39141,"Ross County, Ohio",28710,1156,811,334,27899,1179
0500000US39145,39145,"Scioto County, Ohio",29904,1206,867,395,29037,1344
0500000US39151,39151,"Stark County, Ohio",152129,1952,10342,1611,141787,2421
0500000US39153,39153,"Summit County, Ohio",222202,2934,12955,1903,209247,3520
0500000US39155,39155,"Trumbull County, Ohio",85799,1744,2658,737,83141,1716
0500000US39157,39157,"Tuscarawas County, Ohio",34968,1304,1469,578,33499,1364
0500000US39165,39165,"Warren County, Ohio",82404,1178,912,426,81492,1314
0500000US39169,39169,"Wayne County, Ohio",43277,1009,1195,412,42082,1049
0500000US39173,39173,"Wood County, Ohio",50175,1221,413,244,49762,1226
0500000US40017,40017,"Canadian County, Oklahoma",44235,1000,1009,366,43226,1035
0500000US40027,40027,"Cleveland County, Oklahoma",105102,2170,1545,613,103557,2307
0500000US40031,40031,"Comanche County, Oklahoma",42986,1636,1103,431,41883,1651
0500000US40037,40037,"Creek County, Oklahoma",25658,635,498,248,25160,679
0500000US40101,40101,"Muskogee County, Oklahoma",26000,853,1283,451,24717,932
0500000US40109,40109,"Oklahoma County, Oklahoma",300690,3262,9241,1420,291449,3460
0500000US40119,40119,"Payne County, Oklahoma",30657,1115,363,301,30294,1189
0500000US40125,40125,"Pottawatomie County, Oklahoma",25547,769,1172,380,24375,797
0500000US40131,40131,"Rogers County, Oklahoma",34130,645,584,271,33546,653
0500000US40143,40143,"Tulsa County, Oklahoma",254473,1476,7423,861,247050,1656
0500000US40145,40145,"Wagoner County, Oklahoma",28289,618,776,317,27513,638
0500000US41003,41003,"Benton County, Oregon",34543,1077,1015,430,33528,1191
0500000US41005,41005,"Clackamas County, Oregon",154070,1986,4616,1043,149454,2022
0500000US41017,41017,"Deschutes County, Oregon",71262,1966,1093,579,70169,2005
0500000US41019,41019,"Douglas County, Oregon",43818,1380,1373,553,42445,1466
0500000US41029,41029,"Jackson County, Oregon",86745,1916,2639,785,84106,1990
0500000US41033,41033,"Josephine County, Oregon",35439,1093,1988,754,33451,1291
0500000US41035,41035,"Klamath County, Oregon",26359,1213,1399,533,24960,1192
0500000US41039,41039,"Lane County, Oregon",147712,2024,5242,982,142470,2289
0500000US41043,41043,"Linn County, Oregon",46645,1122,1347,616,45298,1308
0500000US41047,41047,"Marion County, Oregon",116787,1920,8688,1749,108099,2526
0500000US41051,41051,"Multnomah County, Oregon",320476,3269,13163,1775,307313,3555
0500000US41053,41053,"Polk County, Oregon",29291,891,831,379,28460,912
0500000US41059,41059,"Umatilla County, Oregon",25900,1064,836,372,25064,1127
0500000US41067,41067,"Washington County, Oregon",213820,2466,5377,995,208443,2699
0500000US41071,41071,"Yamhill County, Oregon",35832,1053,879,489,34953,1086
0500000US42001,42001,"Adams County, Pennsylvania",38125,1120,410,246,37715,1133
0500000US42003,42003,"Allegheny County, Pennsylvania",528892,4428,17914,1879,510978,4599
0500000US42005,42005,"Armstrong County, Pennsylvania",26105,1046,769,339,25336,1114
0500000US42007,42007,"Beaver County, Pennsylvania",68811,1590,1896,687,66915,1711
0500000US42011,42011,"Berks County, Pennsylvania",150402,2168,3398,737,147004,2235
0500000US42013,42013,"Blair County, Pennsylvania",51154,1222,1859,514,49295,1316
0500000US42017,42017,"Bucks County, Pennsylvania",234126,2116,3728,748,230398,2264
0500000US42019,42019,"Butler County, Pennsylvania",75472,1271,1547,503,73925,1454
0500000US42021,42021,"Cambria County, Pennsylvania",56443,1390,1727,478,54716,1401
0500000US42025,42025,"Carbon County, Pennsylvania",25986,1507,692,357,25294,1515
0500000US42027,42027,"Centre County, Pennsylvania",57410,1622,1001,348,56409,1614
0500000US42029,42029,"Chester County, Pennsylvania",187188,1987,3071,926,184117,2074
0500000US42033,42033,"Clearfield County, Pennsylvania",29061,1313,1126,413,27935,1357
0500000US42037,42037,"Columbia County, Pennsylvania",26531,784,665,293,25866,863
0500000US42039,42039,"Crawford County, Pennsylvania",33955,1132,918,329,33037,1060
0500000US42041,42041,"Cumberland County, Pennsylvania",96906,1668,2013,822,94893,1872
0500000US42043,42043,"Dauphin County, Pennsylvania",111260,2194,3379,793,107881,2237
0500000US42045,42045,"Delaware County, Pennsylvania",205188,2111,5770,1125,199418,2451
0500000US42049,42049,"Erie County, Pennsylvania",109705,1868,4784,889,104921,2138
0500000US42051,42051,"Fayette County, Pennsylvania",53662,1759,2810,776,50852,1778
0500000US42055,42055,"Franklin County, Pennsylvania",60492,1081,948,384,59544,1124
0500000US42063,42063,"Indiana County, Pennsylvania",34786,955,1096,405,33690,1078
0500000US42069,42069,"Lackawanna County, Pennsylvania",86203,1844,3288,733,82915,1920
0500000US42071,42071,"Lancaster County, Pennsylvania",196807,2063,6754,1399,190053,2453
0500000US42073,42073,"Lawrence County, Pennsylvania",35861,921,1540,461,34321,990
0500000US42075,42075,"Lebanon County, Pennsylvania",51143,1532,1301,502,49842,1655
0500000US42077,42077,"Lehigh County, Pennsylvania",139199,1278,4533,1078,134666,1688
0500000US42079,42079,"Luzerne County, Pennsylvania",124118,2369,4337,872,119781,2539
0500000US42081,42081,"Lycoming County, Pennsylvania",45525,1417,1745,566,43780,1467
0500000US42085,42085,"Mercer County, Pennsylvania",45630,1336,1295,483,44335,1360
0500000US42089,42089,"Monroe County, Pennsylvania",57284,2360,1717,617,55567,2344
0500000US42091,42091,"Montgomery County, Pennsylvania",312447,2361,5288,960,307159,2427
0500000US42095,42095,"Northampton County, Pennsylvania",111760,1913,4274,926,107486,1967
0500000US42097,42097,"Northumberland County, Pennsylvania",38098,1272,1384,569,36714,1181
0500000US42101,42101,"Philadelphia County, Pennsylvania",580205,5087,35622,2979,544583,5602
0500000US42107,42107,"Schuylkill County, Pennsylvania",58149,1566,1985,573,56164,1593
0500000US42111,42111,"Somerset County, Pennsylvania",29189,1127,1077,403,28112,1181
0500000US42125,42125,"Washington County, Pennsylvania",83117,1697,2034,609,81083,1552
0500000US42129,42129,"Westmoreland County, Pennsylvania",148238,2416,4242,906,143996,2508
0500000US42133,42133,"York County, Pennsylvania",169885,2322,3861,851,166024,2417
0500000US44003,44003,"Kent County, Rhode Island",67747,1646,2521,1026,65226,1715
0500000US44005,44005,"Newport County, Rhode Island",35078,1398,1378,538,33700,1504
0500000US44007,44007,"Providence County, Rhode Island",235728,3084,9092,1374,226636,3443
0500000US44009,44009,"Washington County, Rhode Island",50368,1679,791,479,49577,1736
0500000US45003,45003,"Aiken County, South Carolina",66751,1992,644,466,66107,2043
0500000US45007,45007,"Anderson County, South Carolina",75432,2178,612,408,74820,2175
0500000US45013,45013,"Beaufort County, South Carolina",67932,2595,370,271,67562,2550
0500000US45015,45015,"Berkeley County, South Carolina",75202,1439,1157,448,74045,1509
0500000US45019,45019,"Charleston County, South Carolina",156836,3103,3616,1176,153220,3035
0500000US45031,45031,"Darlington County, South Carolina",25924,1169,377,300,25547,1209
0500000US45035,45035,"Dorchester County, South Carolina",55324,1276,1227,543,54097,1303
0500000US45041,45041,"Florence County, South Carolina",50193,1743,948,435,49245,1817
0500000US45045,45045,"Greenville County, South Carolina",187957,2342,3961,1411,183996,2637
0500000US45047,45047,"Greenwood County, South Carolina",27533,1150,436,488,27097,1289
0500000US45051,45051,"Horry County, South Carolina",125562,3301,1900,567,123662,3436
0500000US45057,45057,"Lancaster County, South Carolina",32630,1216,289,261,32341,1214
0500000US45059,45059,"Laurens County, South Carolina",24805,1232,480,352,24325,1239
0500000US45063,45063,"Lexington County, South Carolina",110146,2037,1186,424,108960,2060
0500000US45073,45073,"Oconee County, South Carolina",31498,1248,355,271,31143,1228
0500000US45075,45075,"Orangeburg County, South Carolina",33449,1347,792,307,32657,1315
0500000US45077,45077,"Pickens County, South Carolina",47303,1354,465,328,46838,1398
0500000US45079,45079,"Richland County, South Carolina",153376,2566,1786,654,151590,2502
0500000US45083,45083,"Spartanburg County, South Carolina",113463,2259,1026,560,112437,2292
0500000US45085,45085,"Sumter County, South Carolina",41439,1441,441,277,40998,1432
0500000US45091,45091,"York County, South Carolina",98128,1665,745,554,97383,1793
0500000US46099,46099,"Minnehaha County, South Dakota",73808,1392,1091,384,72717,1486
0500000US46103,46103,"Pennington County, South Dakota",42956,1437,642,368,42314,1467
0500000US47001,47001,"Anderson County, Tennessee",31209,1084,572,404,30637,1096
0500000US47009,47009,"Blount County, Tennessee",49672,1397,759,380,48913,1423
0500000US47011,47011,"Bradley County, Tennessee",40710,1251,1170,573,39540,1330
0500000US47037,47037,"Davidson County, Tennessee",281967,3233,5626,1515,276341,3563
0500000US47059,47059,"Greene County, Tennessee",25418,1671,540,368,24878,1702
0500000US47065,47065,"Hamilton County, Tennessee",139615,2674,2823,1002,136792,2901
0500000US47093,47093,"Knox County, Tennessee",183889,3184,2103,617,181786,3340
0500000US47113,47113,"Madison County, Tennessee",37322,1304,586,362,36736,1369
0500000US47119,47119,"Maury County, Tennessee",33667,951,665,441,33002,1025
0500000US47125,47125,"Montgomery County, Tennessee",69427,1755,2425,806,67002,1806
0500000US47141,47141,"Putnam County, Tennessee",31343,1019,432,268,30911,1031
0500000US47147,47147,"Robertson County, Tennessee",25302,725,457,330,24845,771
0500000US47149,47149,"Rutherford County, Tennessee",111387,1266,2387,840,109000,1444
0500000US47155,47155,"Sevier County, Tennessee",36098,1917,1005,580,35093,1860
0500000US47157,47157,"Shelby County, Tennessee",354666,4263,6854,1377,347812,4263
0500000US47163,47163,"Sullivan County, Tennessee",64795,1676,3079,864,61716,1681
0500000US47165,47165,"Sumner County, Tennessee",65186,1356,1100,528,64086,1397
0500000US47179,47179,"Washington County, Tennessee",52707,1805,1243,719,51464,1763
0500000US47187,47187,"Williamson County, Tennessee",73811,1371,391,295,73420,1303
0500000US47189,47189,"Wilson County, Tennessee",47707,1288,571,349,47136,1362
0500000US48005,48005,"Angelina County, Texas",30210,1391,604,359,29606,1409
0500000US48021,48021,"Bastrop County, Texas",25975,1428,348,387,25627,1444
0500000US48027,48027,"Bell County, Texas",119985,2331,1547,492,118438,2311
0500000US48029,48029,"Bexar County, Texas",628924,4705,9618,1519,619306,4628
0500000US48037,48037,"Bowie County, Texas",33031,1391,209,185,32822,1400
0500000US48039,48039,"Brazoria County, Texas",117168,2891,1052,455,116116,2924
0500000US48041,48041,"Brazos County, Texas",78272,2085,1574,778,76698,2211
0500000US48061,48061,"Cameron County, Texas",120499,2424,4056,1230,116443,2592
0500000US48085,48085,"Collin County, Texas",334794,2415,2354,851,332440,2598
0500000US48091,48091,"Comal County, Texas",48604,1422,788,433,47816,1409
0500000US48099,48099,"Coryell County, Texas",22682,1216,171,205,22511,1214
0500000US48113,48113,"Dallas County, Texas",924789,5111,13256,1534,911533,5114
0500000US48121,48121,"Denton County, Texas",281964,2810,2709,739,279255,2952
0500000US48135,48135,"Ector County, Texas",51012,1394,1204,685,49808,1571
0500000US48139,48139,"Ellis County, Texas",55586,1060,628,343,54958,1111
0500000US48141,48141,"El Paso County, Texas",267376,3238,4397,918,262979,3280
0500000US48157,48157,"Fort Bend County, Texas",230121,3206,2744,1001,227377,3273
0500000US48167,48167,"Galveston County, Texas",120938,2296,1084,453,119854,2436
0500000US48181,48181,"Grayson County, Texas",47135,1543,769,357,46366,1644
0500000US48183,48183,"Gregg County, Texas",45231,1442,627,454,44604,1440
0500000US48187,48187,"Guadalupe County, Texas",51935,1257,428,415,51507,1357
0500000US48201,48201,"Harris County, Texas",1606399,7964,24641,3082,1581758,8488
0500000US48203,48203,"Harrison County, Texas",23742,1173,322,243,23420,1145
0500000US48209,48209,"Hays County, Texas",71267,1408,524,326,70743,1434
0500000US48213,48213,"Henderson County, Texas",30403,1432,426,220,29977,1450
0500000US48215,48215,"Hidalgo County, Texas",234716,4137,3956,1012,230760,4260
0500000US48231,48231,"Hunt County, Texas",31377,1309,392,249,30985,1324
0500000US48245,48245,"Jefferson County, Texas",95801,1773,1265,431,94536,1790
0500000US48251,48251,"Johnson County, Texas",54048,1472,675,397,53373,1457
0500000US48257,48257,"Kaufman County, Texas",36696,918,535,274,36161,928
0500000US48291,48291,"Liberty County, Texas",26204,1365,649,483,25555,1330
0500000US48303,48303,"Lubbock County, Texas",111975,2185,1537,664,110438,2243
0500000US48309,48309,"McLennan County, Texas",87163,2069,966,496,86197,2122
0500000US48329,48329,"Midland County, Texas",56178,1332,250,200,55928,1328
0500000US48339,48339,"Montgomery County, Texas",193637,2985,2901,847,190736,3163
0500000US48347,48347,"Nacogdoches County, Texas",23080,1302,407,277,22673,1298
0500000US48355,48355,"Nueces County, Texas",129254,3069,1696,656,127558,3171
0500000US48361,48361,"Orange County, Texas",32538,1154,683,342,31855,1084
0500000US48367,48367,"Parker County, Texas",44098,1111,1110,625,42988,1333
0500000US48375,48375,"Potter County, Texas",42179,1475,503,363,41676,1472
0500000US48381,48381,"Randall County, Texas",49728,1182,392,302,49336,1249
0500000US48397,48397,"Rockwall County, Texas",31620,839,118,138,31502,864
0500000US48409,48409,"San Patricio County, Texas",23761,1048,161,130,23600,1051
0500000US48423,48423,"Smith County, Texas",75792,2510,2791,964,73001,2395
0500000US48439,48439,"Tarrant County, Texas",696887,5661,8228,1265,688659,5523
0500000US48441,48441,"Taylor County, Texas",48607,1748,893,484,47714,1780
0500000US48451,48451,"Tom Green County, Texas",43497,1599,1695,719,41802,1600
0500000US48453,48453,"Travis County, Texas",457810,4735,4211,1153,453599,4926
0500000US48469,48469,"Victoria County, Texas",32249,1161,241,194,32008,1155
0500000US48471,48471,"Walker County, Texas",21209,1991,41,68,21168,1973
0500000US48479,48479,"Webb County, Texas",73483,1469,769,284,72714,1440
0500000US48485,48485,"Wichita County, Texas",49486,2106,829,454,48657,2209
0500000US48491,48491,"Williamson County, Texas",173125,2554,1947,702,171178,2691
0500000US49005,49005,"Cache County, Utah",37151,851,623,304,36528,850
0500000US49011,49011,"Davis County, Utah",103665,1098,1912,768,101753,1293
0500000US49035,49035,"Salt Lake County, Utah",366239,2978,4932,1008,361307,2983
0500000US49049,49049,"Utah County, Utah",157803,1545,2125,622,155678,1567
0500000US49053,49053,"Washington County, Utah",51774,2021,613,461,51161,1969
0500000US49057,49057,"Weber County, Utah",79501,1861,1530,667,77971,1839
0500000US50007,50007,"Chittenden County, Vermont",64867,1151,1963,734,62904,1382
0500000US51003,51003,"Albemarle County, Virginia",40318,1322,312,261,40006,1291
0500000US51013,51013,"Arlington County, Virginia",103479,2496,1236,470,102243,2536
0500000US51015,51015,"Augusta County, Virginia",29664,1026,417,267,29247,1070
0500000US51019,51019,"Bedford County, Virginia",29566,1390,225,170,29341,1409
0500000US51041,51041,"Chesterfield County, Virginia",122221,1773,861,338,121360,1754
0500000US51059,51059,"Fairfax County, Virginia",395164,3138,3137,917,392027,3078
0500000US51061,51061,"Fauquier County, Virginia",24777,782,177,175,24600,765
0500000US51069,51069,"Frederick County, Virginia",30760,1218,276,213,30484,1232
0500000US51085,51085,"Hanover County, Virginia",37931,1008,313,181,37618,1020
0500000US51087,51087,"Henrico County, Virginia",127930,1552,1646,741,126284,1630
0500000US51095,51095,"James City County, Virginia",28480,1491,99,119,28381,1501
0500000US51107,51107,"Loudoun County, Virginia",124916,1507,1191,542,123725,1596
0500000US51121,51121,"Montgomery County, Virginia",36128,1231,808,417,35320,1191
0500000US51153,51153,"Prince William County, Virginia",139792,1821,1886,736,137906,1939
0500000US51161,51161,"Roanoke County, Virginia",38541,1085,492,372,38049,1113
0500000US51165,51165,"Rockingham County, Virginia",31186,1080,626,457,30560,1241
0500000US51177,51177,"Spotsylvania County, Virginia",44169,785,647,491,43522,884
0500000US51179,51179,"Stafford County, Virginia",47017,624,861,345,46156,734
0500000US51199,51199,"York County, Virginia",23797,1170,422,309,23375,1232
0500000US51510,51510,"Alexandria city, Virginia",69875,1555,1527,569,68348,1711
0500000US51550,51550,"Chesapeake city, Virginia",83364,1894,1642,631,81722,1926
0500000US51650,51650,"Hampton city, Virginia",54181,1387,1017,456,53164,1367
0500000US51680,51680,"Lynchburg city, Virginia",27545,1610,775,448,26770,1651
0500000US51700,51700,"Newport News city, Virginia",67628,2268,1658,653,65970,2370
0500000US51710,51710,"Norfolk city, Virginia",87910,2122,2270,696,85640,2158
0500000US51740,51740,"Portsmouth city, Virginia",36615,1104,1045,483,35570,1224
0500000US51760,51760,"Richmond city, Virginia",91704,1869,2405,655,89299,2021
0500000US51770,51770,"Roanoke city, Virginia",42213,1450,1658,728,40555,1528
0500000US51800,51800,"Suffolk city, Virginia",33377,896,645,350,32732,997
0500000US51810,51810,"Virginia Beach city, Virginia",168061,2472,1535,486,166526,2522
0500000US53005,53005,"Benton County, Washington",70434,1240,2103,676,68331,1327
0500000US53007,53007,"Chelan County, Washington",28353,1519,488,341,27865,1519
0500000US53009,53009,"Clallam County, Washington",31837,1051,1394,545,30443,1044
0500000US53011,53011,"Clark County, Washington",169997,1585,6413,1265,163584,2240
0500000US53015,53015,"Cowlitz County, Washington",40170,934,2677,1063,37493,1325
0500000US53021,53021,"Franklin County, Washington",25903,740,741,479,25162,855
0500000US53025,53025,"Grant County, Washington",28351,1435,709,413,27642,1386
0500000US53027,53027,"Grays Harbor County, Washington",27330,1573,1044,373,26286,1586
0500000US53029,53029,"Island County, Washington",33365,1431,620,296,32745,1451
0500000US53033,53033,"King County, Washington",861154,4657,21104,2575,840050,5269
0500000US53035,53035,"Kitsap County, Washington",101995,2068,2562,880,99433,2274
0500000US53041,53041,"Lewis County, Washington",29509,1114,1299,530,28210,1110
0500000US53053,53053,"Pierce County, Washington",317671,2982,9870,1360,307801,2991
0500000US53057,53057,"Skagit County, Washington",46423,1167,1612,517,44811,1234
0500000US53061,53061,"Snohomish County, Washington",286116,3382,8278,1321,277838,3574
0500000US53063,53063,"Spokane County, Washington",195807,2512,9215,1704,186592,2835
0500000US53067,53067,"Thurston County, Washington",105863,1975,3384,946,102479,2399
0500000US53073,53073,"Whatcom County, Washington",84011,2072,2082,654,81929,2150
0500000US53077,53077,"Yakima County, Washington",81084,1428,2878,799,78206,1517
0500000US54003,54003,"Berkeley County, West Virginia",42369,1458,413,365,41956,1531
0500000US54011,54011,"Cabell County, West Virginia",39017,1549,1530,577,37487,1674
0500000US54033,54033,"Harrison County, West Virginia",27741,1063,522,275,27219,1042
0500000US54039,54039,"Kanawha County, West Virginia",79049,1890,2559,841,76490,1996
0500000US54061,54061,"Monongalia County, West Virginia",38699,1409,856,419,37843,1458
0500000US54081,54081,"Raleigh County, West Virginia",30431,1212,879,452,29552,1222
0500000US54107,54107,"Wood County, West Virginia",34991,1297,647,385,34344,1380
0500000US55009,55009,"Brown County, Wisconsin",104804,1335,1444,484,103360,1344
0500000US55025,55025,"Dane County, Wisconsin",217506,2367,3164,780,214342,2388
0500000US55027,55027,"Dodge County, Wisconsin",34648,810,476,261,34172,838
0500000US55035,55035,"Eau Claire County, Wisconsin",41312,823,1282,573,40030,1045
0500000US55039,55039,"Fond du Lac County, Wisconsin",40815,1069,467,297,40348,1128
0500000US55055,55055,"Jefferson County, Wisconsin",32378,932,420,239,31958,934
0500000US55059,55059,"Kenosha County, Wisconsin",64386,1510,1369,627,63017,1683
0500000US55063,55063,"La Crosse County, Wisconsin",47086,1066,1120,626,45966,1191
0500000US55071,55071,"Manitowoc County, Wisconsin",34234,955,685,270,33549,954
0500000US55073,55073,"Marathon County, Wisconsin",55147,1042,1059,343,54088,1055
0500000US55079,55079,"Milwaukee County, Wisconsin",381318,3039,9849,1239,371469,3208
0500000US55087,55087,"Outagamie County, Wisconsin",72994,1103,1100,446,71894,1195
0500000US55089,55089,"Ozaukee County, Wisconsin",35417,1299,670,398,34747,1352
0500000US55097,55097,"Portage County, Wisconsin",28009,616,1411,482,26598,635
0500000US55101,55101,"Racine County, Wisconsin",75921,1566,3160,951,72761,1777
0500000US55105,55105,"Rock County, Wisconsin",63222,1247,1560,519,61662,1321
0500000US55109,55109,"St. Croix County, Wisconsin",33460,941,314,213,33146,973
0500000US55117,55117,"Sheboygan County, Wisconsin",47652,943,828,642,46824,1061
0500000US55127,55127,"Walworth County, Wisconsin",40039,1193,1171,746,38868,1381
0500000US55131,55131,"Washington County, Wisconsin",53090,1040,569,341,52521,1088
0500000US55133,55133,"Waukesha County, Wisconsin",156503,1399,1474,568,155029,1427
0500000US55139,55139,"Winnebago County, Wisconsin",69943,1442,1159,434,68784,1469
0500000US55141,55141,"Wood County, Wisconsin",32749,735,660,355,32089,790
0500000US56021,56021,"Laramie County, Wyoming",38181,1341,544,368,37637,1332
0500000US56025,56025,"Natrona County, Wyoming",32059,1174,1127,592,30932,1294
0500000US72013,72013,"Arecibo Municipio, Puerto Rico",32650,1622,1471,564,31179,1586
0500000US72021,72021,"Bayamón Municipio, Puerto Rico",70124,2052,3782,972,66342,2105
0500000US72025,72025,"Caguas Municipio, Puerto Rico",48272,1866,2252,684,46020,1986
0500000US72031,72031,"Carolina Municipio, Puerto Rico",63447,1951,13600,1711,49847,1961
0500000US72061,72061,"Guaynabo Municipio, Puerto Rico",33066,1606,1164,570,31902,1731
0500000US72097,72097,"Mayagüez Municipio, Puerto Rico",29138,1574,1905,612,27233,1671
0500000US72113,72113,"Ponce Municipio, Puerto Rico",52447,1623,7971,1232,44476,1975
0500000US72127,72127,"San Juan Municipio, Puerto Rico",146719,3481,7004,1119,139715,3739
0500000US72135,72135,"Toa Alta Municipio, Puerto Rico",22394,1246,2419,825,19975,1360
0500000US72137,72137,"Toa Baja Municipio, Puerto Rico",28112,1357,3946,917,24166,1339
0500000US72139,72139,"Trujillo Alto Municipio, Puerto Rico",24334,1075,958,466,23376,1177
